,row,column,imputed_value
0,526,HomePlanet_Earth,0.0
1,526,HomePlanet_Europa,0.0
2,526,HomePlanet_Mars,1.0
3,3869,FoodCourt,4949.0
4,7598,VIP,0.0
5,6681,ShoppingMall,0.0
6,6797,VIP,0.0
7,8527,RoomService,1067.0
8,30,ShoppingMall,23492.0
9,2088,VRDeck,852.0
10,739,HomePlanet_Earth,0.0
11,739,HomePlanet_Europa,1.0
12,739,HomePlanet_Mars,0.0
13,6420,RoomService,1220.0
14,2079,Spa,0.0
15,2307,Cabin_num,1697
16,2307,Deck_A,0.0
17,2307,Deck_B,0.0
18,2307,Deck_C,0.0
19,2307,Deck_D,0.0
20,2307,Deck_E,0.0
21,2307,Deck_F,0.0
22,2307,Deck_G,1.0
23,2307,Deck_T,0.0
24,2307,Side_P,1.0
25,2307,Side_S,0.0
26,2549,VIP,0.0
27,1707,Age,37.0
28,1707,VIP,0.0
29,6801,Cabin_num,222
30,6801,Deck_A,0.0
31,6801,Deck_B,0.0
32,6801,Deck_C,0.0
33,6801,Deck_D,0.0
34,6801,Deck_E,1.0
35,6801,Deck_F,0.0
36,6801,Deck_G,0.0
37,6801,Deck_T,0.0
38,6801,Side_P,1.0
39,6801,Side_S,0.0
40,6835,Cabin_num,98
41,6835,Deck_A,0.0
42,6835,Deck_B,0.0
43,6835,Deck_C,1.0
44,6835,Deck_D,0.0
45,6835,Deck_E,0.0
46,6835,Deck_F,0.0
47,6835,Deck_G,0.0
48,6835,Deck_T,0.0
49,6835,Side_P,1.0
50,6835,Side_S,0.0
51,5232,VRDeck,0.0
52,2197,RoomService,1049.0
53,1968,Destination_55 Cancri e,0.0
54,1968,Destination_PSO J318.5-22,0.0
55,1968,Destination_TRAPPIST-1e,1.0
56,7302,ShoppingMall,1203.0
57,4562,VIP,0.0
58,1271,Age,53.0
59,6156,HomePlanet_Earth,0.0
60,6156,HomePlanet_Europa,1.0
61,6156,HomePlanet_Mars,0.0
62,1032,Age,22.0
63,5370,Destination_55 Cancri e,0.0
64,5370,Destination_PSO J318.5-22,0.0
65,5370,Destination_TRAPPIST-1e,1.0
66,4199,ShoppingMall,0.0
67,4199,VRDeck,480.0
68,5167,VRDeck,974.0
69,536,Age,32.0
70,536,VRDeck,0.0
71,7135,CryoSleep,0.0
72,1907,RoomService,0.0
73,3360,Destination_55 Cancri e,0.0
74,3360,Destination_PSO J318.5-22,0.0
75,3360,Destination_TRAPPIST-1e,1.0
76,2905,Cabin_num,874
77,2905,Deck_A,0.0
78,2905,Deck_B,0.0
79,2905,Deck_C,0.0
80,2905,Deck_D,0.0
81,2905,Deck_E,0.0
82,2905,Deck_F,1.0
83,2905,Deck_G,0.0
84,2905,Deck_T,0.0
85,2905,Side_P,1.0
86,2905,Side_S,0.0
87,6738,VIP,0.0
88,5803,ShoppingMall,0.0
89,7422,ShoppingMall,0.0
90,5210,VIP,0.0
91,5210,HomePlanet_Earth,1.0
92,5210,HomePlanet_Europa,0.0
93,5210,HomePlanet_Mars,0.0
94,5210,Destination_55 Cancri e,0.0
95,5210,Destination_PSO J318.5-22,0.0
96,5210,Destination_TRAPPIST-1e,1.0
97,1560,Destination_55 Cancri e,0.0
98,1560,Destination_PSO J318.5-22,0.0
99,1560,Destination_TRAPPIST-1e,1.0
100,8395,FoodCourt,0.0
101,6785,CryoSleep,0.0
102,951,Cabin_num,130
103,951,Deck_A,0.0
104,951,Deck_B,0.0
105,951,Deck_C,0.0
106,951,Deck_D,0.0
107,951,Deck_E,0.0
108,951,Deck_F,1.0
109,951,Deck_G,0.0
110,951,Deck_T,0.0
111,951,Side_P,1.0
112,951,Side_S,0.0
113,5030,Destination_55 Cancri e,0.0
114,5030,Destination_PSO J318.5-22,0.0
115,5030,Destination_TRAPPIST-1e,1.0
116,7382,Cabin_num,96
117,7382,Deck_A,0.0
118,7382,Deck_B,0.0
119,7382,Deck_C,0.0
120,7382,Deck_D,0.0
121,7382,Deck_E,0.0
122,7382,Deck_F,0.0
123,7382,Deck_G,1.0
124,7382,Deck_T,0.0
125,7382,Side_P,0.0
126,7382,Side_S,1.0
127,3505,HomePlanet_Earth,1.0
128,3505,HomePlanet_Europa,0.0
129,3505,HomePlanet_Mars,0.0
130,1181,FoodCourt,0.0
131,2959,ShoppingMall,1935.0
132,8613,RoomService,688.0
133,8613,ShoppingMall,1387.0
134,2714,Destination_55 Cancri e,0.0
135,2714,Destination_PSO J318.5-22,0.0
136,2714,Destination_TRAPPIST-1e,1.0
137,7478,ShoppingMall,1213.0
138,683,CryoSleep,0.0
139,4745,ShoppingMall,0.0
140,6977,FoodCourt,4323.0
141,6922,Spa,0.0
142,6922,VRDeck,0.0
143,4121,Cabin_num,613
144,4121,Deck_A,0.0
145,4121,Deck_B,0.0
146,4121,Deck_C,0.0
147,4121,Deck_D,0.0
148,4121,Deck_E,0.0
149,4121,Deck_F,0.0
150,4121,Deck_G,1.0
151,4121,Deck_T,0.0
152,4121,Side_P,1.0
153,4121,Side_S,0.0
154,3234,CryoSleep,1.0
155,3234,FoodCourt,3149.0
156,3624,CryoSleep,1.0
157,3624,HomePlanet_Earth,0.0
158,3624,HomePlanet_Europa,1.0
159,3624,HomePlanet_Mars,0.0
160,7099,ShoppingMall,783.0
161,6603,VIP,0.0
162,6603,Cabin_num,159
163,6603,Deck_A,0.0
164,6603,Deck_B,0.0
165,6603,Deck_C,0.0
166,6603,Deck_D,1.0
167,6603,Deck_E,0.0
168,6603,Deck_F,0.0
169,6603,Deck_G,0.0
170,6603,Deck_T,0.0
171,6603,Side_P,0.0
172,6603,Side_S,1.0
173,4654,VRDeck,0.0
174,6171,Age,28.0
175,6171,HomePlanet_Earth,0.0
176,6171,HomePlanet_Europa,1.0
177,6171,HomePlanet_Mars,0.0
178,3232,ShoppingMall,459.0
179,2655,ShoppingMall,0.0
180,2200,Spa,0.0
181,688,ShoppingMall,268.0
182,688,Destination_55 Cancri e,0.0
183,688,Destination_PSO J318.5-22,0.0
184,688,Destination_TRAPPIST-1e,1.0
185,5705,Destination_55 Cancri e,0.0
186,5705,Destination_PSO J318.5-22,0.0
187,5705,Destination_TRAPPIST-1e,1.0
188,8668,VIP,0.0
189,8668,HomePlanet_Earth,1.0
190,8668,HomePlanet_Europa,0.0
191,8668,HomePlanet_Mars,0.0
192,5335,Age,36.0
193,5272,CryoSleep,0.0
194,5728,CryoSleep,1.0
195,628,CryoSleep,1.0
196,4272,CryoSleep,1.0
197,7544,RoomService,0.0
198,7684,Age,55.0
199,7684,VRDeck,0.0
200,7684,HomePlanet_Earth,0.0
201,7684,HomePlanet_Europa,1.0
202,7684,HomePlanet_Mars,0.0
203,5845,FoodCourt,0.0
204,2830,Cabin_num,249
205,2830,Deck_A,0.0
206,2830,Deck_B,0.0
207,2830,Deck_C,1.0
208,2830,Deck_D,0.0
209,2830,Deck_E,0.0
210,2830,Deck_F,0.0
211,2830,Deck_G,0.0
212,2830,Deck_T,0.0
213,2830,Side_P,0.0
214,2830,Side_S,1.0
215,1867,VIP,0.0
216,5951,VIP,0.0
217,4000,CryoSleep,0.0
218,3171,RoomService,0.0
219,5886,VRDeck,0.0
220,4052,Destination_55 Cancri e,0.0
221,4052,Destination_PSO J318.5-22,0.0
222,4052,Destination_TRAPPIST-1e,1.0
223,3454,Spa,689.0
224,8585,ShoppingMall,0.0
225,8197,Destination_55 Cancri e,0.0
226,8197,Destination_PSO J318.5-22,0.0
227,8197,Destination_TRAPPIST-1e,1.0
228,1878,VIP,0.0
229,3372,HomePlanet_Earth,1.0
230,3372,HomePlanet_Europa,0.0
231,3372,HomePlanet_Mars,0.0
232,6881,CryoSleep,0.0
233,6193,Age,27.0
234,2511,Age,27.0
235,4591,Spa,0.0
236,446,RoomService,0.0
237,7157,HomePlanet_Earth,1.0
238,7157,HomePlanet_Europa,0.0
239,7157,HomePlanet_Mars,0.0
240,891,RoomService,1179.0
241,4516,Destination_55 Cancri e,0.0
242,4516,Destination_PSO J318.5-22,0.0
243,4516,Destination_TRAPPIST-1e,1.0
244,5725,HomePlanet_Earth,1.0
245,5725,HomePlanet_Europa,0.0
246,5725,HomePlanet_Mars,0.0
247,8644,VRDeck,528.0
248,5820,VIP,0.0
249,6626,VIP,0.0
250,834,VIP,0.0
251,253,VRDeck,711.0
252,253,Cabin_num,1448
253,253,Deck_A,0.0
254,253,Deck_B,0.0
255,253,Deck_C,0.0
256,253,Deck_D,0.0
257,253,Deck_E,0.0
258,253,Deck_F,1.0
259,253,Deck_G,0.0
260,253,Deck_T,0.0
261,253,Side_P,1.0
262,253,Side_S,0.0
263,6674,Age,31.0
264,2359,Destination_55 Cancri e,0.0
265,2359,Destination_PSO J318.5-22,0.0
266,2359,Destination_TRAPPIST-1e,1.0
267,5123,RoomService,965.0
268,7398,Cabin_num,1118
269,7398,Deck_A,0.0
270,7398,Deck_B,0.0
271,7398,Deck_C,0.0
272,7398,Deck_D,0.0
273,7398,Deck_E,0.0
274,7398,Deck_F,0.0
275,7398,Deck_G,1.0
276,7398,Deck_T,0.0
277,7398,Side_P,1.0
278,7398,Side_S,0.0
279,3347,Cabin_num,541
280,3347,Deck_A,0.0
281,3347,Deck_B,0.0
282,3347,Deck_C,0.0
283,3347,Deck_D,0.0
284,3347,Deck_E,0.0
285,3347,Deck_F,1.0
286,3347,Deck_G,0.0
287,3347,Deck_T,0.0
288,3347,Side_P,0.0
289,3347,Side_S,1.0
290,5533,CryoSleep,1.0
291,1227,ShoppingMall,391.0
292,2457,VRDeck,0.0
293,1115,FoodCourt,0.0
294,5897,RoomService,1501.0
295,6630,VRDeck,0.0
296,3408,ShoppingMall,0.0
297,1887,VRDeck,0.0
298,6384,RoomService,1681.0
299,5088,Age,1.0
300,5088,VIP,0.0
301,2654,ShoppingMall,0.0
302,8056,HomePlanet_Earth,1.0
303,8056,HomePlanet_Europa,0.0
304,8056,HomePlanet_Mars,0.0
305,598,VIP,0.0
306,8068,Cabin_num,371
307,8068,Deck_A,0.0
308,8068,Deck_B,0.0
309,8068,Deck_C,0.0
310,8068,Deck_D,0.0
311,8068,Deck_E,0.0
312,8068,Deck_F,0.0
313,8068,Deck_G,1.0
314,8068,Deck_T,0.0
315,8068,Side_P,1.0
316,8068,Side_S,0.0
317,3878,RoomService,0.0
318,3493,Cabin_num,949
319,3493,Deck_A,0.0
320,3493,Deck_B,0.0
321,3493,Deck_C,0.0
322,3493,Deck_D,0.0
323,3493,Deck_E,0.0
324,3493,Deck_F,0.0
325,3493,Deck_G,1.0
326,3493,Deck_T,0.0
327,3493,Side_P,0.0
328,3493,Side_S,1.0
329,2890,Destination_55 Cancri e,0.0
330,2890,Destination_PSO J318.5-22,0.0
331,2890,Destination_TRAPPIST-1e,1.0
332,944,VIP,0.0
333,8609,ShoppingMall,0.0
334,3109,Age,54.0
335,2384,Cabin_num,209
336,2384,Deck_A,0.0
337,2384,Deck_B,1.0
338,2384,Deck_C,0.0
339,2384,Deck_D,0.0
340,2384,Deck_E,0.0
341,2384,Deck_F,0.0
342,2384,Deck_G,0.0
343,2384,Deck_T,0.0
344,2384,Side_P,0.0
345,2384,Side_S,1.0
346,7452,RoomService,94.0
347,6910,Spa,0.0
348,8686,HomePlanet_Earth,1.0
349,8686,HomePlanet_Europa,0.0
350,8686,HomePlanet_Mars,0.0
351,8124,Destination_55 Cancri e,0.0
352,8124,Destination_PSO J318.5-22,0.0
353,8124,Destination_TRAPPIST-1e,1.0
354,7512,Destination_55 Cancri e,0.0
355,7512,Destination_PSO J318.5-22,0.0
356,7512,Destination_TRAPPIST-1e,1.0
357,6700,Age,47.0
358,7796,Spa,0.0
359,1685,Spa,0.0
360,1217,ShoppingMall,1094.0
361,4646,Age,36.0
362,5106,Age,33.0
363,4977,Destination_55 Cancri e,0.0
364,4977,Destination_PSO J318.5-22,0.0
365,4977,Destination_TRAPPIST-1e,1.0
366,6526,CryoSleep,0.0
367,4177,Spa,44.0
368,495,Age,2.0
369,7822,ShoppingMall,615.0
370,7567,ShoppingMall,2690.0
371,5016,ShoppingMall,0.0
372,4731,Cabin_num,1102
373,4731,Deck_A,0.0
374,4731,Deck_B,0.0
375,4731,Deck_C,0.0
376,4731,Deck_D,0.0
377,4731,Deck_E,0.0
378,4731,Deck_F,1.0
379,4731,Deck_G,0.0
380,4731,Deck_T,0.0
381,4731,Side_P,0.0
382,4731,Side_S,1.0
383,6041,RoomService,2226.0
384,3530,RoomService,693.0
385,291,Spa,0.0
386,4722,FoodCourt,3856.0
387,2107,ShoppingMall,23492.0
388,4571,ShoppingMall,363.0
389,2211,ShoppingMall,0.0
390,5647,VIP,0.0
391,6207,HomePlanet_Earth,0.0
392,6207,HomePlanet_Europa,1.0
393,6207,HomePlanet_Mars,0.0
394,2640,ShoppingMall,0.0
395,2640,HomePlanet_Earth,1.0
396,2640,HomePlanet_Europa,0.0
397,2640,HomePlanet_Mars,0.0
398,1737,Age,32.0
399,3483,RoomService,198.0
400,948,Cabin_num,1106
401,948,Deck_A,0.0
402,948,Deck_B,0.0
403,948,Deck_C,0.0
404,948,Deck_D,0.0
405,948,Deck_E,0.0
406,948,Deck_F,1.0
407,948,Deck_G,0.0
408,948,Deck_T,0.0
409,948,Side_P,0.0
410,948,Side_S,1.0
411,3430,VIP,0.0
412,8462,FoodCourt,4231.0
413,5688,FoodCourt,1607.0
414,220,FoodCourt,0.0
415,3302,VRDeck,2126.0
416,7116,CryoSleep,0.0
417,7116,Destination_55 Cancri e,0.0
418,7116,Destination_PSO J318.5-22,0.0
419,7116,Destination_TRAPPIST-1e,1.0
420,3909,Age,20.0
421,8374,Destination_55 Cancri e,0.0
422,8374,Destination_PSO J318.5-22,1.0
423,8374,Destination_TRAPPIST-1e,0.0
424,8387,FoodCourt,0.0
425,2429,Cabin_num,1471
426,2429,Deck_A,0.0
427,2429,Deck_B,0.0
428,2429,Deck_C,0.0
429,2429,Deck_D,0.0
430,2429,Deck_E,0.0
431,2429,Deck_F,0.0
432,2429,Deck_G,1.0
433,2429,Deck_T,0.0
434,2429,Side_P,1.0
435,2429,Side_S,0.0
436,5621,Spa,388.0
437,6388,ShoppingMall,0.0
438,3230,ShoppingMall,2096.0
439,383,Age,24.0
440,6827,CryoSleep,0.0
441,822,RoomService,233.0
442,3860,Cabin_num,515
443,3860,HomePlanet_Earth,1.0
444,3860,HomePlanet_Europa,0.0
445,3860,HomePlanet_Mars,0.0
446,3860,Deck_A,0.0
447,3860,Deck_B,0.0
448,3860,Deck_C,0.0
449,3860,Deck_D,0.0
450,3860,Deck_E,0.0
451,3860,Deck_F,1.0
452,3860,Deck_G,0.0
453,3860,Deck_T,0.0
454,3860,Side_P,1.0
455,3860,Side_S,0.0
456,2793,RoomService,1393.0
457,2793,HomePlanet_Earth,1.0
458,2793,HomePlanet_Europa,0.0
459,2793,HomePlanet_Mars,0.0
460,8316,VIP,0.0
461,3513,FoodCourt,659.0
462,436,Age,19.0
463,5944,Age,62.0
464,6425,RoomService,14327.0
465,1483,VIP,0.0
466,268,CryoSleep,0.0
467,1269,HomePlanet_Earth,0.0
468,1269,HomePlanet_Europa,0.0
469,1269,HomePlanet_Mars,1.0
470,6903,CryoSleep,0.0
471,1612,Cabin_num,1567
472,1612,Deck_A,0.0
473,1612,Deck_B,0.0
474,1612,Deck_C,0.0
475,1612,Deck_D,0.0
476,1612,Deck_E,0.0
477,1612,Deck_F,1.0
478,1612,Deck_G,0.0
479,1612,Deck_T,0.0
480,1612,Side_P,0.0
481,1612,Side_S,1.0
482,1798,Age,32.0
483,2929,Destination_55 Cancri e,0.0
484,2929,Destination_PSO J318.5-22,0.0
485,2929,Destination_TRAPPIST-1e,1.0
486,7740,VIP,0.0
487,7269,FoodCourt,0.0
488,6345,VRDeck,2725.0
489,6490,VIP,0.0
490,6490,ShoppingMall,278.0
491,8040,VIP,0.0
492,8040,Destination_55 Cancri e,0.0
493,8040,Destination_PSO J318.5-22,0.0
494,8040,Destination_TRAPPIST-1e,1.0
495,7901,Cabin_num,1546
496,7901,Deck_A,0.0
497,7901,Deck_B,0.0
498,7901,Deck_C,0.0
499,7901,Deck_D,0.0
500,7901,Deck_E,0.0
501,7901,Deck_F,1.0
502,7901,Deck_G,0.0
503,7901,Deck_T,0.0
504,7901,Side_P,1.0
505,7901,Side_S,0.0
506,7938,CryoSleep,0.0
507,842,VIP,0.0
508,842,Spa,0.0
509,8011,VIP,0.0
510,7034,VIP,0.0
511,8045,Cabin_num,191
512,8045,Deck_A,0.0
513,8045,Deck_B,0.0
514,8045,Deck_C,1.0
515,8045,Deck_D,0.0
516,8045,Deck_E,0.0
517,8045,Deck_F,0.0
518,8045,Deck_G,0.0
519,8045,Deck_T,0.0
520,8045,Side_P,0.0
521,8045,Side_S,1.0
522,8327,HomePlanet_Earth,1.0
523,8327,HomePlanet_Europa,0.0
524,8327,HomePlanet_Mars,0.0
525,4586,RoomService,0.0
526,4660,CryoSleep,0.0
527,5249,Cabin_num,612
528,5249,Deck_A,0.0
529,5249,Deck_B,0.0
530,5249,Deck_C,0.0
531,5249,Deck_D,0.0
532,5249,Deck_E,0.0
533,5249,Deck_F,0.0
534,5249,Deck_G,1.0
535,5249,Deck_T,0.0
536,5249,Side_P,1.0
537,5249,Side_S,0.0
538,6284,Cabin_num,1312
539,6284,Deck_A,0.0
540,6284,Deck_B,0.0
541,6284,Deck_C,0.0
542,6284,Deck_D,0.0
543,6284,Deck_E,0.0
544,6284,Deck_F,0.0
545,6284,Deck_G,1.0
546,6284,Deck_T,0.0
547,6284,Side_P,0.0
548,6284,Side_S,1.0
549,3202,VRDeck,0.0
550,5323,Cabin_num,297
551,5323,Deck_A,0.0
552,5323,Deck_B,0.0
553,5323,Deck_C,0.0
554,5323,Deck_D,1.0
555,5323,Deck_E,0.0
556,5323,Deck_F,0.0
557,5323,Deck_G,0.0
558,5323,Deck_T,0.0
559,5323,Side_P,1.0
560,5323,Side_S,0.0
561,8157,CryoSleep,1.0
562,2484,Age,29.0
563,732,CryoSleep,1.0
564,7287,RoomService,0.0
565,5399,RoomService,637.0
566,5050,Age,19.0
567,6333,Destination_55 Cancri e,0.0
568,6333,Destination_PSO J318.5-22,0.0
569,6333,Destination_TRAPPIST-1e,1.0
570,2669,FoodCourt,0.0
571,8192,FoodCourt,0.0
572,7838,Cabin_num,1826
573,7838,Deck_A,0.0
574,7838,Deck_B,0.0
575,7838,Deck_C,0.0
576,7838,Deck_D,0.0
577,7838,Deck_E,0.0
578,7838,Deck_F,1.0
579,7838,Deck_G,0.0
580,7838,Deck_T,0.0
581,7838,Side_P,1.0
582,7838,Side_S,0.0
583,1619,CryoSleep,0.0
584,5937,FoodCourt,1567.0
585,1982,Cabin_num,0
586,1982,Deck_A,0.0
587,1982,Deck_B,0.0
588,1982,Deck_C,0.0
589,1982,Deck_D,0.0
590,1982,Deck_E,1.0
591,1982,Deck_F,0.0
592,1982,Deck_G,0.0
593,1982,Deck_T,0.0
594,1982,Side_P,0.0
595,1982,Side_S,1.0
596,8126,VIP,0.0
597,3955,VRDeck,1175.0
598,908,Destination_55 Cancri e,0.0
599,908,Destination_PSO J318.5-22,0.0
600,908,Destination_TRAPPIST-1e,1.0
601,8114,Spa,448.0
602,5245,Destination_55 Cancri e,0.0
603,5245,Destination_PSO J318.5-22,0.0
604,5245,Destination_TRAPPIST-1e,1.0
605,7732,Destination_55 Cancri e,0.0
606,7732,Destination_PSO J318.5-22,0.0
607,7732,Destination_TRAPPIST-1e,1.0
608,782,VIP,0.0
609,6878,RoomService,1701.0
610,5783,Age,33.0
611,369,FoodCourt,0.0
612,3437,Spa,0.0
613,106,CryoSleep,0.0
614,622,Destination_55 Cancri e,0.0
615,622,Destination_PSO J318.5-22,0.0
616,622,Destination_TRAPPIST-1e,1.0
617,2818,Cabin_num,301
618,2818,Deck_A,0.0
619,2818,Deck_B,0.0
620,2818,Deck_C,1.0
621,2818,Deck_D,0.0
622,2818,Deck_E,0.0
623,2818,Deck_F,0.0
624,2818,Deck_G,0.0
625,2818,Deck_T,0.0
626,2818,Side_P,1.0
627,2818,Side_S,0.0
628,2716,Destination_55 Cancri e,0.0
629,2716,Destination_PSO J318.5-22,0.0
630,2716,Destination_TRAPPIST-1e,1.0
631,17,Cabin_num,534
632,17,Deck_A,0.0
633,17,Deck_B,0.0
634,17,Deck_C,0.0
635,17,Deck_D,0.0
636,17,Deck_E,0.0
637,17,Deck_F,1.0
638,17,Deck_G,0.0
639,17,Deck_T,0.0
640,17,Side_P,1.0
641,17,Side_S,0.0
642,7288,HomePlanet_Earth,1.0
643,7288,HomePlanet_Europa,0.0
644,7288,HomePlanet_Mars,0.0
645,1023,Destination_55 Cancri e,0.0
646,1023,Destination_PSO J318.5-22,0.0
647,1023,Destination_TRAPPIST-1e,1.0
648,8544,VIP,0.0
649,6695,FoodCourt,0.0
650,8677,CryoSleep,0.0
651,8677,VRDeck,0.0
652,2386,Spa,0.0
653,6898,VIP,0.0
654,4528,Cabin_num,1004
655,4528,Deck_A,0.0
656,4528,Deck_B,0.0
657,4528,Deck_C,0.0
658,4528,Deck_D,0.0
659,4528,Deck_E,0.0
660,4528,Deck_F,1.0
661,4528,Deck_G,0.0
662,4528,Deck_T,0.0
663,4528,Side_P,0.0
664,4528,Side_S,1.0
665,1411,VRDeck,1840.0
666,1002,FoodCourt,0.0
667,7416,ShoppingMall,315.0
668,387,FoodCourt,1070.0
669,3700,Destination_55 Cancri e,0.0
670,3700,Destination_PSO J318.5-22,0.0
671,3700,Destination_TRAPPIST-1e,1.0
672,8279,VIP,0.0
673,2776,ShoppingMall,1516.0
674,3879,FoodCourt,1341.0
675,2243,ShoppingMall,388.0
676,4786,RoomService,935.0
677,2252,ShoppingMall,959.0
678,7565,RoomService,0.0
679,6850,Destination_55 Cancri e,1.0
680,6850,Destination_PSO J318.5-22,0.0
681,6850,Destination_TRAPPIST-1e,0.0
682,4197,RoomService,1839.0
683,3356,VRDeck,1727.0
684,4325,CryoSleep,0.0
685,4077,VIP,0.0
686,4077,Destination_55 Cancri e,0.0
687,4077,Destination_PSO J318.5-22,1.0
688,4077,Destination_TRAPPIST-1e,0.0
689,2792,ShoppingMall,0.0
690,5975,RoomService,0.0
691,992,RoomService,1330.0
692,5891,Destination_55 Cancri e,0.0
693,5891,Destination_PSO J318.5-22,1.0
694,5891,Destination_TRAPPIST-1e,0.0
695,3555,VRDeck,1574.0
696,4775,Destination_55 Cancri e,0.0
697,4775,Destination_PSO J318.5-22,0.0
698,4775,Destination_TRAPPIST-1e,1.0
699,5718,ShoppingMall,0.0
700,3419,FoodCourt,2131.0
701,7089,Age,33.0
702,6713,CryoSleep,0.0
703,1930,CryoSleep,0.0
704,4645,VIP,0.0
705,1849,ShoppingMall,0.0
706,2253,Spa,0.0
707,6410,VIP,0.0
708,7866,Spa,0.0
709,2459,RoomService,0.0
710,2459,VRDeck,0.0
711,2860,CryoSleep,0.0
712,3741,Cabin_num,196
713,3741,Deck_A,0.0
714,3741,Deck_B,0.0
715,3741,Deck_C,0.0
716,3741,Deck_D,0.0
717,3741,Deck_E,1.0
718,3741,Deck_F,0.0
719,3741,Deck_G,0.0
720,3741,Deck_T,0.0
721,3741,Side_P,0.0
722,3741,Side_S,1.0
723,1079,ShoppingMall,0.0
724,2682,Spa,0.0
725,2298,FoodCourt,95.0
726,2298,VRDeck,2033.0
727,7849,Cabin_num,1421
728,7849,Deck_A,0.0
729,7849,Deck_B,0.0
730,7849,Deck_C,0.0
731,7849,Deck_D,0.0
732,7849,Deck_E,0.0
733,7849,Deck_F,1.0
734,7849,Deck_G,0.0
735,7849,Deck_T,0.0
736,7849,Side_P,0.0
737,7849,Side_S,1.0
738,1719,Destination_55 Cancri e,0.0
739,1719,Destination_PSO J318.5-22,0.0
740,1719,Destination_TRAPPIST-1e,1.0
741,5578,HomePlanet_Earth,1.0
742,5578,HomePlanet_Europa,0.0
743,5578,HomePlanet_Mars,0.0
744,2046,CryoSleep,0.0
745,2915,FoodCourt,1671.0
746,3442,Destination_55 Cancri e,0.0
747,3442,Destination_PSO J318.5-22,0.0
748,3442,Destination_TRAPPIST-1e,1.0
749,3093,HomePlanet_Earth,1.0
750,3093,HomePlanet_Europa,0.0
751,3093,HomePlanet_Mars,0.0
752,671,Destination_55 Cancri e,0.0
753,671,Destination_PSO J318.5-22,0.0
754,671,Destination_TRAPPIST-1e,1.0
755,4687,Destination_55 Cancri e,0.0
756,4687,Destination_PSO J318.5-22,0.0
757,4687,Destination_TRAPPIST-1e,1.0
758,6919,HomePlanet_Earth,1.0
759,6919,HomePlanet_Europa,0.0
760,6919,HomePlanet_Mars,0.0
761,6667,VIP,0.0
762,3616,Spa,0.0
763,2784,Spa,1559.0
764,3361,FoodCourt,371.0
765,5371,Age,40.0
766,5077,Spa,0.0
767,2204,FoodCourt,1286.0
768,5057,VIP,0.0
769,5057,HomePlanet_Earth,1.0
770,5057,HomePlanet_Europa,0.0
771,5057,HomePlanet_Mars,0.0
772,2304,FoodCourt,0.0
773,6982,Destination_55 Cancri e,0.0
774,6982,Destination_PSO J318.5-22,0.0
775,6982,Destination_TRAPPIST-1e,1.0
776,5391,Spa,457.0
777,4983,VIP,0.0
778,349,HomePlanet_Earth,1.0
779,349,HomePlanet_Europa,0.0
780,349,HomePlanet_Mars,0.0
781,349,Destination_55 Cancri e,0.0
782,349,Destination_PSO J318.5-22,0.0
783,349,Destination_TRAPPIST-1e,1.0
784,3871,VIP,0.0
785,3871,RoomService,0.0
786,8422,CryoSleep,0.0
787,5005,Age,25.0
788,236,HomePlanet_Earth,0.0
789,236,HomePlanet_Europa,1.0
790,236,HomePlanet_Mars,0.0
791,7311,HomePlanet_Earth,1.0
792,7311,HomePlanet_Europa,0.0
793,7311,HomePlanet_Mars,0.0
794,1136,VIP,0.0
795,1136,Cabin_num,175
796,1136,Deck_A,0.0
797,1136,Deck_B,0.0
798,1136,Deck_C,0.0
799,1136,Deck_D,0.0
800,1136,Deck_E,0.0
801,1136,Deck_F,1.0
802,1136,Deck_G,0.0
803,1136,Deck_T,0.0
804,1136,Side_P,0.0
805,1136,Side_S,1.0
806,2942,CryoSleep,0.0
807,1078,Destination_55 Cancri e,0.0
808,1078,Destination_PSO J318.5-22,0.0
809,1078,Destination_TRAPPIST-1e,1.0
810,7021,Age,22.0
811,7021,VRDeck,0.0
812,5179,ShoppingMall,2289.0
813,755,ShoppingMall,0.0
814,4338,FoodCourt,7200.0
815,3876,VIP,0.0
816,5773,VIP,0.0
817,5197,Spa,1162.0
818,4101,RoomService,857.0
819,7446,ShoppingMall,808.0
820,2481,ShoppingMall,0.0
821,2724,RoomService,0.0
822,3923,ShoppingMall,540.0
823,6969,VIP,0.0
824,1533,CryoSleep,0.0
825,1533,VRDeck,436.0
826,7118,HomePlanet_Earth,0.0
827,7118,HomePlanet_Europa,1.0
828,7118,HomePlanet_Mars,0.0
829,403,RoomService,0.0
830,7874,Destination_55 Cancri e,0.0
831,7874,Destination_PSO J318.5-22,0.0
832,7874,Destination_TRAPPIST-1e,1.0
833,147,VIP,0.0
834,6849,Cabin_num,1285
835,6849,Deck_A,0.0
836,6849,Deck_B,0.0
837,6849,Deck_C,0.0
838,6849,Deck_D,0.0
839,6849,Deck_E,0.0
840,6849,Deck_F,0.0
841,6849,Deck_G,1.0
842,6849,Deck_T,0.0
843,6849,Side_P,1.0
844,6849,Side_S,0.0
845,547,Age,25.0
846,547,VRDeck,0.0
847,2047,Destination_55 Cancri e,0.0
848,2047,Destination_PSO J318.5-22,0.0
849,2047,Destination_TRAPPIST-1e,1.0
850,2442,CryoSleep,0.0
851,4874,Destination_55 Cancri e,0.0
852,4874,Destination_PSO J318.5-22,0.0
853,4874,Destination_TRAPPIST-1e,1.0
854,792,ShoppingMall,718.0
855,4557,VRDeck,562.0
856,8406,VRDeck,0.0
857,7294,ShoppingMall,0.0
858,5122,VIP,0.0
859,6567,HomePlanet_Earth,1.0
860,6567,HomePlanet_Europa,0.0
861,6567,HomePlanet_Mars,0.0
862,5456,Destination_55 Cancri e,1.0
863,5456,Destination_PSO J318.5-22,0.0
864,5456,Destination_TRAPPIST-1e,0.0
865,3479,ShoppingMall,1107.0
866,6648,Age,31.0
867,6508,VIP,0.0
868,6380,FoodCourt,928.0
869,2619,HomePlanet_Earth,1.0
870,2619,HomePlanet_Europa,0.0
871,2619,HomePlanet_Mars,0.0
872,7030,Cabin_num,305
873,7030,Deck_A,0.0
874,7030,Deck_B,0.0
875,7030,Deck_C,0.0
876,7030,Deck_D,1.0
877,7030,Deck_E,0.0
878,7030,Deck_F,0.0
879,7030,Deck_G,0.0
880,7030,Deck_T,0.0
881,7030,Side_P,0.0
882,7030,Side_S,1.0
883,5926,Age,39.0
884,2427,HomePlanet_Earth,1.0
885,2427,HomePlanet_Europa,0.0
886,2427,HomePlanet_Mars,0.0
887,815,FoodCourt,0.0
888,6706,FoodCourt,3723.0
889,6119,VRDeck,1892.0
890,4024,Cabin_num,973
891,4024,Deck_A,0.0
892,4024,Deck_B,0.0
893,4024,Deck_C,0.0
894,4024,Deck_D,0.0
895,4024,Deck_E,0.0
896,4024,Deck_F,1.0
897,4024,Deck_G,0.0
898,4024,Deck_T,0.0
899,4024,Side_P,0.0
900,4024,Side_S,1.0
901,3174,VRDeck,0.0
902,5310,ShoppingMall,0.0
903,3637,HomePlanet_Earth,1.0
904,3637,HomePlanet_Europa,0.0
905,3637,HomePlanet_Mars,0.0
906,4080,Spa,0.0
907,7436,Spa,1205.0
908,7436,HomePlanet_Earth,1.0
909,7436,HomePlanet_Europa,0.0
910,7436,HomePlanet_Mars,0.0
911,7788,HomePlanet_Earth,0.0
912,7788,HomePlanet_Europa,1.0
913,7788,HomePlanet_Mars,0.0
914,7607,Cabin_num,1433
915,7607,Deck_A,0.0
916,7607,Deck_B,0.0
917,7607,Deck_C,0.0
918,7607,Deck_D,0.0
919,7607,Deck_E,0.0
920,7607,Deck_F,0.0
921,7607,Deck_G,1.0
922,7607,Deck_T,0.0
923,7607,Side_P,1.0
924,7607,Side_S,0.0
925,5779,Spa,0.0
926,5691,HomePlanet_Earth,0.0
927,5691,HomePlanet_Europa,0.0
928,5691,HomePlanet_Mars,1.0
929,3193,CryoSleep,1.0
930,4525,ShoppingMall,0.0
931,6628,Cabin_num,1806
932,6628,Deck_A,0.0
933,6628,Deck_B,0.0
934,6628,Deck_C,0.0
935,6628,Deck_D,0.0
936,6628,Deck_E,0.0
937,6628,Deck_F,1.0
938,6628,Deck_G,0.0
939,6628,Deck_T,0.0
940,6628,Side_P,1.0
941,6628,Side_S,0.0
942,105,Cabin_num,166
943,105,Deck_A,0.0
944,105,Deck_B,0.0
945,105,Deck_C,1.0
946,105,Deck_D,0.0
947,105,Deck_E,0.0
948,105,Deck_F,0.0
949,105,Deck_G,0.0
950,105,Deck_T,0.0
951,105,Side_P,1.0
952,105,Side_S,0.0
953,4921,Age,25.0
954,3292,Cabin_num,328
955,3292,Deck_A,0.0
956,3292,Deck_B,0.0
957,3292,Deck_C,0.0
958,3292,Deck_D,0.0
959,3292,Deck_E,1.0
960,3292,Deck_F,0.0
961,3292,Deck_G,0.0
962,3292,Deck_T,0.0
963,3292,Side_P,1.0
964,3292,Side_S,0.0
965,4808,FoodCourt,451.0
966,7010,Spa,426.0
967,316,CryoSleep,1.0
968,316,Cabin_num,590
969,316,Deck_A,0.0
970,316,Deck_B,0.0
971,316,Deck_C,0.0
972,316,Deck_D,0.0
973,316,Deck_E,0.0
974,316,Deck_F,1.0
975,316,Deck_G,0.0
976,316,Deck_T,0.0
977,316,Side_P,1.0
978,316,Side_S,0.0
979,5634,VRDeck,0.0
980,4956,Spa,895.0
981,3521,VRDeck,1017.0
982,4783,Destination_55 Cancri e,0.0
983,4783,Destination_PSO J318.5-22,0.0
984,4783,Destination_TRAPPIST-1e,1.0
985,2560,Destination_55 Cancri e,0.0
986,2560,Destination_PSO J318.5-22,0.0
987,2560,Destination_TRAPPIST-1e,1.0
988,2144,FoodCourt,794.0
989,964,HomePlanet_Earth,1.0
990,964,HomePlanet_Europa,0.0
991,964,HomePlanet_Mars,0.0
992,1896,Age,16.0
993,2260,VIP,0.0
994,6385,Spa,0.0
995,8164,CryoSleep,0.0
996,1363,VRDeck,1646.0
997,1894,HomePlanet_Earth,1.0
998,1894,HomePlanet_Europa,0.0
999,1894,HomePlanet_Mars,0.0
1000,3760,Age,48.0
1001,7246,Age,24.0
1002,7246,Cabin_num,316
1003,7246,Deck_A,0.0
1004,7246,Deck_B,1.0
1005,7246,Deck_C,0.0
1006,7246,Deck_D,0.0
1007,7246,Deck_E,0.0
1008,7246,Deck_F,0.0
1009,7246,Deck_G,0.0
1010,7246,Deck_T,0.0
1011,7246,Side_P,0.0
1012,7246,Side_S,1.0
1013,4372,Cabin_num,812
1014,4372,Deck_A,0.0
1015,4372,Deck_B,0.0
1016,4372,Deck_C,0.0
1017,4372,Deck_D,0.0
1018,4372,Deck_E,0.0
1019,4372,Deck_F,1.0
1020,4372,Deck_G,0.0
1021,4372,Deck_T,0.0
1022,4372,Side_P,0.0
1023,4372,Side_S,1.0
1024,3588,ShoppingMall,1184.0
1025,1404,RoomService,573.0
1026,7078,Age,57.0
1027,5606,RoomService,0.0
1028,5103,HomePlanet_Earth,1.0
1029,5103,HomePlanet_Europa,0.0
1030,5103,HomePlanet_Mars,0.0
1031,5575,ShoppingMall,0.0
1032,115,HomePlanet_Earth,0.0
1033,115,HomePlanet_Europa,1.0
1034,115,HomePlanet_Mars,0.0
1035,1329,Cabin_num,56
1036,1329,Deck_A,1.0
1037,1329,Deck_B,0.0
1038,1329,Deck_C,0.0
1039,1329,Deck_D,0.0
1040,1329,Deck_E,0.0
1041,1329,Deck_F,0.0
1042,1329,Deck_G,0.0
1043,1329,Deck_T,0.0
1044,1329,Side_P,0.0
1045,1329,Side_S,1.0
1046,6887,Age,44.0
1047,1683,VIP,1.0
1048,1683,FoodCourt,70.0
1049,4453,Destination_55 Cancri e,0.0
1050,4453,Destination_PSO J318.5-22,0.0
1051,4453,Destination_TRAPPIST-1e,1.0
1052,7880,Spa,98.0
1053,3597,HomePlanet_Earth,0.0
1054,3597,HomePlanet_Europa,0.0
1055,3597,HomePlanet_Mars,1.0
1056,293,HomePlanet_Earth,1.0
1057,293,HomePlanet_Europa,0.0
1058,293,HomePlanet_Mars,0.0
1059,1844,RoomService,876.0
1060,1957,FoodCourt,1061.0
1061,3366,Age,25.0
1062,1581,Age,47.0
1063,6030,RoomService,0.0
1064,4358,VRDeck,0.0
1065,4358,Cabin_num,1401
1066,4358,Deck_A,0.0
1067,4358,Deck_B,0.0
1068,4358,Deck_C,0.0
1069,4358,Deck_D,0.0
1070,4358,Deck_E,0.0
1071,4358,Deck_F,1.0
1072,4358,Deck_G,0.0
1073,4358,Deck_T,0.0
1074,4358,Side_P,0.0
1075,4358,Side_S,1.0
1076,7861,VIP,0.0
1077,12,ShoppingMall,993.0
1078,5940,ShoppingMall,0.0
1079,5390,CryoSleep,0.0
1080,3964,ShoppingMall,1465.0
1081,8150,VIP,0.0
1082,2284,VRDeck,0.0
1083,3000,Age,8.0
1084,2302,Age,22.0
1085,7907,VRDeck,0.0
1086,124,ShoppingMall,0.0
1087,1289,FoodCourt,0.0
1088,4545,Destination_55 Cancri e,0.0
1089,4545,Destination_PSO J318.5-22,0.0
1090,4545,Destination_TRAPPIST-1e,1.0
1091,1013,FoodCourt,2053.0
1092,4166,CryoSleep,0.0
1093,4166,ShoppingMall,0.0
1094,4166,Spa,0.0
1095,4634,HomePlanet_Earth,1.0
1096,4634,HomePlanet_Europa,0.0
1097,4634,HomePlanet_Mars,0.0
1098,1487,ShoppingMall,1409.0
1099,1487,Destination_55 Cancri e,0.0
1100,1487,Destination_PSO J318.5-22,0.0
1101,1487,Destination_TRAPPIST-1e,1.0
1102,3851,ShoppingMall,0.0
1103,5689,HomePlanet_Earth,1.0
1104,5689,HomePlanet_Europa,0.0
1105,5689,HomePlanet_Mars,0.0
1106,5689,Destination_55 Cancri e,0.0
1107,5689,Destination_PSO J318.5-22,0.0
1108,5689,Destination_TRAPPIST-1e,1.0
1109,3506,Spa,1881.0
1110,6915,HomePlanet_Earth,0.0
1111,6915,HomePlanet_Europa,1.0
1112,6915,HomePlanet_Mars,0.0
1113,2292,HomePlanet_Earth,1.0
1114,2292,HomePlanet_Europa,0.0
1115,2292,HomePlanet_Mars,0.0
1116,3496,VRDeck,553.0
1117,7697,RoomService,0.0
1118,1026,HomePlanet_Earth,0.0
1119,1026,HomePlanet_Europa,1.0
1120,1026,HomePlanet_Mars,0.0
1121,3463,Spa,0.0
1122,2012,Cabin_num,257
1123,2012,Deck_A,0.0
1124,2012,Deck_B,0.0
1125,2012,Deck_C,0.0
1126,2012,Deck_D,0.0
1127,2012,Deck_E,0.0
1128,2012,Deck_F,0.0
1129,2012,Deck_G,1.0
1130,2012,Deck_T,0.0
1131,2012,Side_P,1.0
1132,2012,Side_S,0.0
1133,5941,Cabin_num,742
1134,5941,Deck_A,0.0
1135,5941,Deck_B,0.0
1136,5941,Deck_C,0.0
1137,5941,Deck_D,0.0
1138,5941,Deck_E,0.0
1139,5941,Deck_F,0.0
1140,5941,Deck_G,1.0
1141,5941,Deck_T,0.0
1142,5941,Side_P,0.0
1143,5941,Side_S,1.0
1144,2764,Age,37.0
1145,2764,Spa,0.0
1146,2764,Cabin_num,820
1147,2764,Deck_A,0.0
1148,2764,Deck_B,0.0
1149,2764,Deck_C,0.0
1150,2764,Deck_D,0.0
1151,2764,Deck_E,0.0
1152,2764,Deck_F,1.0
1153,2764,Deck_G,0.0
1154,2764,Deck_T,0.0
1155,2764,Side_P,0.0
1156,2764,Side_S,1.0
1157,5198,VRDeck,0.0
1158,3386,Cabin_num,1352
1159,3386,Deck_A,0.0
1160,3386,Deck_B,0.0
1161,3386,Deck_C,0.0
1162,3386,Deck_D,0.0
1163,3386,Deck_E,0.0
1164,3386,Deck_F,1.0
1165,3386,Deck_G,0.0
1166,3386,Deck_T,0.0
1167,3386,Side_P,1.0
1168,3386,Side_S,0.0
1169,731,Age,27.0
1170,4060,Cabin_num,217
1171,4060,Deck_A,0.0
1172,4060,Deck_B,0.0
1173,4060,Deck_C,1.0
1174,4060,Deck_D,0.0
1175,4060,Deck_E,0.0
1176,4060,Deck_F,0.0
1177,4060,Deck_G,0.0
1178,4060,Deck_T,0.0
1179,4060,Side_P,1.0
1180,4060,Side_S,0.0
1181,5906,HomePlanet_Earth,0.0
1182,5906,HomePlanet_Europa,0.0
1183,5906,HomePlanet_Mars,1.0
1184,5958,Spa,2265.0
1185,8175,Age,43.0
1186,2436,VRDeck,0.0
1187,3763,RoomService,0.0
1188,8179,RoomService,0.0
1189,8070,VIP,0.0
1190,8042,Destination_55 Cancri e,0.0
1191,8042,Destination_PSO J318.5-22,0.0
1192,8042,Destination_TRAPPIST-1e,1.0
1193,2231,RoomService,169.0
1194,1204,FoodCourt,1891.0
1195,1772,CryoSleep,0.0
1196,130,Destination_55 Cancri e,0.0
1197,130,Destination_PSO J318.5-22,1.0
1198,130,Destination_TRAPPIST-1e,0.0
1199,6214,FoodCourt,3451.0
1200,1234,Cabin_num,212
1201,1234,Deck_A,0.0
1202,1234,Deck_B,0.0
1203,1234,Deck_C,1.0
1204,1234,Deck_D,0.0
1205,1234,Deck_E,0.0
1206,1234,Deck_F,0.0
1207,1234,Deck_G,0.0
1208,1234,Deck_T,0.0
1209,1234,Side_P,0.0
1210,1234,Side_S,1.0
1211,6583,Age,34.0
1212,6763,RoomService,1247.0
1213,6763,Spa,425.0
1214,3184,Age,22.0
1215,3131,VRDeck,0.0
1216,3267,Cabin_num,624
1217,3267,Deck_A,0.0
1218,3267,Deck_B,0.0
1219,3267,Deck_C,0.0
1220,3267,Deck_D,0.0
1221,3267,Deck_E,0.0
1222,3267,Deck_F,1.0
1223,3267,Deck_G,0.0
1224,3267,Deck_T,0.0
1225,3267,Side_P,0.0
1226,3267,Side_S,1.0
1227,2573,RoomService,764.0
1228,1561,FoodCourt,607.0
1229,1561,Cabin_num,1193
1230,1561,Deck_A,0.0
1231,1561,Deck_B,0.0
1232,1561,Deck_C,0.0
1233,1561,Deck_D,0.0
1234,1561,Deck_E,0.0
1235,1561,Deck_F,0.0
1236,1561,Deck_G,1.0
1237,1561,Deck_T,0.0
1238,1561,Side_P,1.0
1239,1561,Side_S,0.0
1240,1364,Cabin_num,843
1241,1364,Deck_A,0.0
1242,1364,Deck_B,0.0
1243,1364,Deck_C,0.0
1244,1364,Deck_D,0.0
1245,1364,Deck_E,0.0
1246,1364,Deck_F,1.0
1247,1364,Deck_G,0.0
1248,1364,Deck_T,0.0
1249,1364,Side_P,1.0
1250,1364,Side_S,0.0
1251,6121,CryoSleep,0.0
1252,8314,RoomService,683.0
1253,8314,ShoppingMall,420.0
1254,4547,FoodCourt,0.0
1255,450,RoomService,0.0
1256,7782,Spa,0.0
1257,7782,Destination_55 Cancri e,0.0
1258,7782,Destination_PSO J318.5-22,0.0
1259,7782,Destination_TRAPPIST-1e,1.0
1260,40,VIP,0.0
1261,154,CryoSleep,0.0
1262,5036,VRDeck,0.0
1263,7877,Spa,0.0
1264,4203,Spa,0.0
1265,4506,ShoppingMall,0.0
1266,2005,VIP,0.0
1267,5098,HomePlanet_Earth,1.0
1268,5098,HomePlanet_Europa,0.0
1269,5098,HomePlanet_Mars,0.0
1270,8303,Age,19.0
1271,4179,VRDeck,1619.0
1272,542,VRDeck,1797.0
1273,542,Destination_55 Cancri e,0.0
1274,542,Destination_PSO J318.5-22,0.0
1275,542,Destination_TRAPPIST-1e,1.0
1276,289,ShoppingMall,1817.0
1277,2203,FoodCourt,1553.0
1278,8364,CryoSleep,1.0
1279,4174,HomePlanet_Earth,1.0
1280,4174,HomePlanet_Europa,0.0
1281,4174,HomePlanet_Mars,0.0
1282,5043,VIP,0.0
1283,5128,Spa,238.0
1284,872,Cabin_num,1018
1285,872,Deck_A,0.0
1286,872,Deck_B,0.0
1287,872,Deck_C,0.0
1288,872,Deck_D,0.0
1289,872,Deck_E,0.0
1290,872,Deck_F,1.0
1291,872,Deck_G,0.0
1292,872,Deck_T,0.0
1293,872,Side_P,1.0
1294,872,Side_S,0.0
1295,2859,CryoSleep,0.0
1296,778,Spa,0.0
1297,2303,VIP,0.0
1298,3858,Spa,502.0
1299,5576,VRDeck,64.0
1300,6789,Age,17.0
1301,3466,RoomService,0.0
1302,1012,VRDeck,2471.0
1303,439,VRDeck,182.0
1304,723,CryoSleep,0.0
1305,5868,VIP,0.0
1306,7295,Cabin_num,537
1307,7295,HomePlanet_Earth,0.0
1308,7295,HomePlanet_Europa,0.0
1309,7295,HomePlanet_Mars,1.0
1310,7295,Deck_A,0.0
1311,7295,Deck_B,0.0
1312,7295,Deck_C,0.0
1313,7295,Deck_D,0.0
1314,7295,Deck_E,1.0
1315,7295,Deck_F,0.0
1316,7295,Deck_G,0.0
1317,7295,Deck_T,0.0
1318,7295,Side_P,1.0
1319,7295,Side_S,0.0
1320,8412,ShoppingMall,0.0
1321,1714,RoomService,493.0
1322,1062,Cabin_num,136
1323,1062,Deck_A,1.0
1324,1062,Deck_B,0.0
1325,1062,Deck_C,0.0
1326,1062,Deck_D,0.0
1327,1062,Deck_E,0.0
1328,1062,Deck_F,0.0
1329,1062,Deck_G,0.0
1330,1062,Deck_T,0.0
1331,1062,Side_P,1.0
1332,1062,Side_S,0.0
1333,2269,Spa,701.0
1334,3027,Spa,1729.0
1335,7514,Destination_55 Cancri e,0.0
1336,7514,Destination_PSO J318.5-22,0.0
1337,7514,Destination_TRAPPIST-1e,1.0
1338,8014,CryoSleep,0.0
1339,8014,Destination_55 Cancri e,0.0
1340,8014,Destination_PSO J318.5-22,0.0
1341,8014,Destination_TRAPPIST-1e,1.0
1342,3558,Age,39.0
1343,3558,Cabin_num,909
1344,3558,Deck_A,0.0
1345,3558,Deck_B,0.0
1346,3558,Deck_C,0.0
1347,3558,Deck_D,0.0
1348,3558,Deck_E,0.0
1349,3558,Deck_F,0.0
1350,3558,Deck_G,1.0
1351,3558,Deck_T,0.0
1352,3558,Side_P,1.0
1353,3558,Side_S,0.0
1354,5246,VIP,0.0
1355,4345,HomePlanet_Earth,0.0
1356,4345,HomePlanet_Europa,1.0
1357,4345,HomePlanet_Mars,0.0
1358,5429,HomePlanet_Earth,0.0
1359,5429,HomePlanet_Europa,0.0
1360,5429,HomePlanet_Mars,1.0
1361,2000,CryoSleep,0.0
1362,3942,HomePlanet_Earth,0.0
1363,3942,HomePlanet_Europa,1.0
1364,3942,HomePlanet_Mars,0.0
1365,7733,FoodCourt,1397.0
1366,6856,HomePlanet_Earth,0.0
1367,6856,HomePlanet_Europa,0.0
1368,6856,HomePlanet_Mars,1.0
1369,6661,Age,28.0
1370,2276,HomePlanet_Earth,0.0
1371,2276,HomePlanet_Europa,0.0
1372,2276,HomePlanet_Mars,1.0
1373,4675,Destination_55 Cancri e,0.0
1374,4675,Destination_PSO J318.5-22,1.0
1375,4675,Destination_TRAPPIST-1e,0.0
1376,8622,CryoSleep,1.0
1377,6703,VRDeck,715.0
1378,1747,Destination_55 Cancri e,0.0
1379,1747,Destination_PSO J318.5-22,0.0
1380,1747,Destination_TRAPPIST-1e,1.0
1381,8363,RoomService,0.0
1382,7984,Spa,1312.0
1383,5968,Destination_55 Cancri e,0.0
1384,5968,Destination_PSO J318.5-22,0.0
1385,5968,Destination_TRAPPIST-1e,1.0
1386,8075,VRDeck,208.0
1387,6457,VIP,0.0
1388,5736,CryoSleep,1.0
1389,7600,ShoppingMall,0.0
1390,1072,VIP,0.0
1391,97,FoodCourt,3507.0
1392,4962,Spa,0.0
1393,5120,ShoppingMall,4087.0
1394,6020,Spa,0.0
1395,6307,ShoppingMall,1019.0
1396,8025,HomePlanet_Earth,1.0
1397,8025,HomePlanet_Europa,0.0
1398,8025,HomePlanet_Mars,0.0
1399,402,RoomService,0.0
1400,5087,Spa,2121.0
1401,2963,Spa,0.0
1402,1531,Spa,0.0
1403,8211,VRDeck,365.0
1404,8211,Cabin_num,187
1405,8211,Deck_A,0.0
1406,8211,Deck_B,1.0
1407,8211,Deck_C,0.0
1408,8211,Deck_D,0.0
1409,8211,Deck_E,0.0
1410,8211,Deck_F,0.0
1411,8211,Deck_G,0.0
1412,8211,Deck_T,0.0
1413,8211,Side_P,0.0
1414,8211,Side_S,1.0
1415,6076,Cabin_num,28
1416,6076,Deck_A,0.0
1417,6076,Deck_B,1.0
1418,6076,Deck_C,0.0
1419,6076,Deck_D,0.0
1420,6076,Deck_E,0.0
1421,6076,Deck_F,0.0
1422,6076,Deck_G,0.0
1423,6076,Deck_T,0.0
1424,6076,Side_P,1.0
1425,6076,Side_S,0.0
1426,4539,ShoppingMall,0.0
1427,6737,HomePlanet_Earth,0.0
1428,6737,HomePlanet_Europa,1.0
1429,6737,HomePlanet_Mars,0.0
1430,4462,VIP,0.0
1431,3286,VRDeck,454.0
1432,4281,RoomService,896.0
1433,4281,ShoppingMall,0.0
1434,1209,Spa,0.0
1435,5436,ShoppingMall,0.0
1436,7580,FoodCourt,0.0
1437,6240,FoodCourt,431.0
1438,5563,Destination_55 Cancri e,0.0
1439,5563,Destination_PSO J318.5-22,0.0
1440,5563,Destination_TRAPPIST-1e,1.0
1441,5701,HomePlanet_Earth,0.0
1442,5701,HomePlanet_Europa,1.0
1443,5701,HomePlanet_Mars,0.0
1444,5704,CryoSleep,1.0
1445,2848,RoomService,0.0
1446,6177,Destination_55 Cancri e,0.0
1447,6177,Destination_PSO J318.5-22,0.0
1448,6177,Destination_TRAPPIST-1e,1.0
1449,6046,Spa,1269.0
1450,6736,FoodCourt,0.0
1451,5908,HomePlanet_Earth,0.0
1452,5908,HomePlanet_Europa,1.0
1453,5908,HomePlanet_Mars,0.0
1454,4182,Destination_55 Cancri e,1.0
1455,4182,Destination_PSO J318.5-22,0.0
1456,4182,Destination_TRAPPIST-1e,0.0
1457,483,HomePlanet_Earth,0.0
1458,483,HomePlanet_Europa,0.0
1459,483,HomePlanet_Mars,1.0
1460,6522,RoomService,1669.0
1461,5636,ShoppingMall,0.0
1462,5636,HomePlanet_Earth,1.0
1463,5636,HomePlanet_Europa,0.0
1464,5636,HomePlanet_Mars,0.0
1465,4772,HomePlanet_Earth,1.0
1466,4772,HomePlanet_Europa,0.0
1467,4772,HomePlanet_Mars,0.0
1468,6451,RoomService,0.0
1469,6451,Cabin_num,1208
1470,6451,Deck_A,0.0
1471,6451,Deck_B,0.0
1472,6451,Deck_C,0.0
1473,6451,Deck_D,0.0
1474,6451,Deck_E,0.0
1475,6451,Deck_F,1.0
1476,6451,Deck_G,0.0
1477,6451,Deck_T,0.0
1478,6451,Side_P,0.0
1479,6451,Side_S,1.0
1480,4377,Spa,1023.0
1481,4837,Spa,1708.0
1482,3893,HomePlanet_Earth,0.0
1483,3893,HomePlanet_Europa,0.0
1484,3893,HomePlanet_Mars,1.0
1485,3598,FoodCourt,0.0
1486,3598,VRDeck,1458.0
1487,7273,Destination_55 Cancri e,0.0
1488,7273,Destination_PSO J318.5-22,0.0
1489,7273,Destination_TRAPPIST-1e,1.0
1490,4908,Destination_55 Cancri e,0.0
1491,4908,Destination_PSO J318.5-22,0.0
1492,4908,Destination_TRAPPIST-1e,1.0
1493,3192,FoodCourt,0.0
1494,8618,Destination_55 Cancri e,0.0
1495,8618,Destination_PSO J318.5-22,0.0
1496,8618,Destination_TRAPPIST-1e,1.0
1497,7144,Destination_55 Cancri e,0.0
1498,7144,Destination_PSO J318.5-22,0.0
1499,7144,Destination_TRAPPIST-1e,1.0
1500,5133,Cabin_num,566
1501,5133,Deck_A,0.0
1502,5133,Deck_B,0.0
1503,5133,Deck_C,0.0
1504,5133,Deck_D,0.0
1505,5133,Deck_E,1.0
1506,5133,Deck_F,0.0
1507,5133,Deck_G,0.0
1508,5133,Deck_T,0.0
1509,5133,Side_P,1.0
1510,5133,Side_S,0.0
1511,8147,Destination_55 Cancri e,0.0
1512,8147,Destination_PSO J318.5-22,0.0
1513,8147,Destination_TRAPPIST-1e,1.0
1514,7215,Destination_55 Cancri e,0.0
1515,7215,Destination_PSO J318.5-22,0.0
1516,7215,Destination_TRAPPIST-1e,1.0
1517,3052,Age,15.0
1518,8615,HomePlanet_Earth,1.0
1519,8615,HomePlanet_Europa,0.0
1520,8615,HomePlanet_Mars,0.0
1521,2498,Age,50.0
1522,667,Spa,0.0
1523,667,Cabin_num,250
1524,667,Deck_A,0.0
1525,667,Deck_B,0.0
1526,667,Deck_C,1.0
1527,667,Deck_D,0.0
1528,667,Deck_E,0.0
1529,667,Deck_F,0.0
1530,667,Deck_G,0.0
1531,667,Deck_T,0.0
1532,667,Side_P,1.0
1533,667,Side_S,0.0
1534,7766,Age,25.0
1535,4009,RoomService,0.0
1536,6693,ShoppingMall,0.0
1537,2236,VRDeck,783.0
1538,6577,VRDeck,0.0
1539,3657,Destination_55 Cancri e,0.0
1540,3657,Destination_PSO J318.5-22,0.0
1541,3657,Destination_TRAPPIST-1e,1.0
1542,458,FoodCourt,3012.0
1543,458,Cabin_num,129
1544,458,Deck_A,0.0
1545,458,Deck_B,1.0
1546,458,Deck_C,0.0
1547,458,Deck_D,0.0
1548,458,Deck_E,0.0
1549,458,Deck_F,0.0
1550,458,Deck_G,0.0
1551,458,Deck_T,0.0
1552,458,Side_P,0.0
1553,458,Side_S,1.0
1554,7303,VRDeck,0.0
1555,6327,VIP,0.0
1556,6327,FoodCourt,3054.0
1557,589,FoodCourt,0.0
1558,2900,HomePlanet_Earth,1.0
1559,2900,HomePlanet_Europa,0.0
1560,2900,HomePlanet_Mars,0.0
1561,1089,FoodCourt,0.0
1562,1089,Spa,295.0
1563,8403,ShoppingMall,0.0
1564,920,ShoppingMall,554.0
1565,6908,FoodCourt,675.0
1566,894,ShoppingMall,0.0
1567,1019,CryoSleep,0.0
1568,1019,VIP,0.0
1569,6433,ShoppingMall,0.0
1570,6433,VRDeck,0.0
1571,2293,VIP,0.0
1572,1435,FoodCourt,9324.0
1573,4753,CryoSleep,0.0
1574,1662,FoodCourt,0.0
1575,1662,Destination_55 Cancri e,0.0
1576,1662,Destination_PSO J318.5-22,0.0
1577,1662,Destination_TRAPPIST-1e,1.0
1578,6514,VRDeck,2101.0
1579,1051,CryoSleep,0.0
1580,1051,Cabin_num,936
1581,1051,Deck_A,0.0
1582,1051,Deck_B,0.0
1583,1051,Deck_C,0.0
1584,1051,Deck_D,0.0
1585,1051,Deck_E,0.0
1586,1051,Deck_F,0.0
1587,1051,Deck_G,1.0
1588,1051,Deck_T,0.0
1589,1051,Side_P,0.0
1590,1051,Side_S,1.0
1591,4204,ShoppingMall,0.0
1592,1335,ShoppingMall,314.0
1593,2924,Age,30.0
1594,2924,RoomService,0.0
1595,6062,Cabin_num,263
1596,6062,Deck_A,0.0
1597,6062,Deck_B,0.0
1598,6062,Deck_C,1.0
1599,6062,Deck_D,0.0
1600,6062,Deck_E,0.0
1601,6062,Deck_F,0.0
1602,6062,Deck_G,0.0
1603,6062,Deck_T,0.0
1604,6062,Side_P,0.0
1605,6062,Side_S,1.0
1606,8134,FoodCourt,0.0
1607,7214,FoodCourt,1101.0
1608,2562,CryoSleep,1.0
1609,2562,VIP,0.0
1610,2404,CryoSleep,1.0
1611,2404,ShoppingMall,0.0
1612,6317,CryoSleep,1.0
1613,3561,VRDeck,0.0
1614,6994,CryoSleep,0.0
1615,3752,Cabin_num,1820
1616,3752,Deck_A,0.0
1617,3752,Deck_B,0.0
1618,3752,Deck_C,0.0
1619,3752,Deck_D,0.0
1620,3752,Deck_E,0.0
1621,3752,Deck_F,1.0
1622,3752,Deck_G,0.0
1623,3752,Deck_T,0.0
1624,3752,Side_P,1.0
1625,3752,Side_S,0.0
1626,6180,CryoSleep,0.0
1627,7025,Destination_55 Cancri e,0.0
1628,7025,Destination_PSO J318.5-22,0.0
1629,7025,Destination_TRAPPIST-1e,1.0
1630,3371,RoomService,0.0
1631,5715,VIP,0.0
1632,8398,FoodCourt,2063.0
1633,3983,ShoppingMall,1353.0
1634,6618,HomePlanet_Earth,1.0
1635,6618,HomePlanet_Europa,0.0
1636,6618,HomePlanet_Mars,0.0
1637,693,CryoSleep,1.0
1638,693,Cabin_num,476
1639,693,Deck_A,0.0
1640,693,Deck_B,0.0
1641,693,Deck_C,0.0
1642,693,Deck_D,0.0
1643,693,Deck_E,1.0
1644,693,Deck_F,0.0
1645,693,Deck_G,0.0
1646,693,Deck_T,0.0
1647,693,Side_P,1.0
1648,693,Side_S,0.0
1649,8556,Spa,0.0
1650,6991,RoomService,313.0
1651,3047,RoomService,0.0
1652,3047,Spa,686.0
1653,5510,VRDeck,0.0
1654,6780,Cabin_num,422
1655,6780,Deck_A,0.0
1656,6780,Deck_B,0.0
1657,6780,Deck_C,0.0
1658,6780,Deck_D,0.0
1659,6780,Deck_E,0.0
1660,6780,Deck_F,1.0
1661,6780,Deck_G,0.0
1662,6780,Deck_T,0.0
1663,6780,Side_P,0.0
1664,6780,Side_S,1.0
1665,3813,Age,47.0
1666,3813,Destination_55 Cancri e,0.0
1667,3813,Destination_PSO J318.5-22,0.0
1668,3813,Destination_TRAPPIST-1e,1.0
1669,1442,FoodCourt,3752.0
1670,3815,ShoppingMall,0.0
1671,8689,CryoSleep,1.0
1672,6605,VRDeck,617.0
1673,7455,Age,35.0
1674,141,Destination_55 Cancri e,1.0
1675,141,Destination_PSO J318.5-22,0.0
1676,141,Destination_TRAPPIST-1e,0.0
1677,8204,Cabin_num,1373
1678,8204,Deck_A,0.0
1679,8204,Deck_B,0.0
1680,8204,Deck_C,0.0
1681,8204,Deck_D,0.0
1682,8204,Deck_E,0.0
1683,8204,Deck_F,0.0
1684,8204,Deck_G,1.0
1685,8204,Deck_T,0.0
1686,8204,Side_P,1.0
1687,8204,Side_S,0.0
1688,503,HomePlanet_Earth,0.0
1689,503,HomePlanet_Europa,1.0
1690,503,HomePlanet_Mars,0.0
1691,6929,VRDeck,3145.0
1692,8036,Cabin_num,1104
1693,8036,Deck_A,0.0
1694,8036,Deck_B,0.0
1695,8036,Deck_C,0.0
1696,8036,Deck_D,0.0
1697,8036,Deck_E,0.0
1698,8036,Deck_F,0.0
1699,8036,Deck_G,1.0
1700,8036,Deck_T,0.0
1701,8036,Side_P,1.0
1702,8036,Side_S,0.0
1703,5577,Age,5.0
1704,3842,ShoppingMall,0.0
1705,999,RoomService,15.0
1706,8517,HomePlanet_Earth,1.0
1707,8517,HomePlanet_Europa,0.0
1708,8517,HomePlanet_Mars,0.0
1709,6920,HomePlanet_Earth,0.0
1710,6920,HomePlanet_Europa,0.0
1711,6920,HomePlanet_Mars,1.0
1712,1407,CryoSleep,0.0
1713,1773,Cabin_num,161
1714,1773,Deck_A,0.0
1715,1773,Deck_B,1.0
1716,1773,Deck_C,0.0
1717,1773,Deck_D,0.0
1718,1773,Deck_E,0.0
1719,1773,Deck_F,0.0
1720,1773,Deck_G,0.0
1721,1773,Deck_T,0.0
1722,1773,Side_P,0.0
1723,1773,Side_S,1.0
1724,7435,CryoSleep,0.0
1725,2354,Spa,2590.0
1726,1203,VIP,0.0
1727,88,ShoppingMall,0.0
1728,817,Age,41.0
1729,1006,HomePlanet_Earth,1.0
1730,1006,HomePlanet_Europa,0.0
1731,1006,HomePlanet_Mars,0.0
1732,2019,VRDeck,0.0
1733,2441,Age,19.0
1734,3352,Destination_55 Cancri e,0.0
1735,3352,Destination_PSO J318.5-22,0.0
1736,3352,Destination_TRAPPIST-1e,1.0
1737,1185,Spa,0.0
1738,8350,FoodCourt,2034.0
1739,6507,VIP,0.0
1740,8457,CryoSleep,0.0
1741,3486,CryoSleep,0.0
1742,7292,HomePlanet_Earth,1.0
1743,7292,HomePlanet_Europa,0.0
1744,7292,HomePlanet_Mars,0.0
1745,1309,HomePlanet_Earth,1.0
1746,1309,HomePlanet_Europa,0.0
1747,1309,HomePlanet_Mars,0.0
1748,5764,HomePlanet_Earth,1.0
1749,5764,HomePlanet_Europa,0.0
1750,5764,HomePlanet_Mars,0.0
1751,549,FoodCourt,878.0
1752,549,Destination_55 Cancri e,1.0
1753,549,Destination_PSO J318.5-22,0.0
1754,549,Destination_TRAPPIST-1e,0.0
1755,809,HomePlanet_Earth,0.0
1756,809,HomePlanet_Europa,1.0
1757,809,HomePlanet_Mars,0.0
1758,1759,HomePlanet_Earth,1.0
1759,1759,HomePlanet_Europa,0.0
1760,1759,HomePlanet_Mars,0.0
1761,2235,HomePlanet_Earth,1.0
1762,2235,HomePlanet_Europa,0.0
1763,2235,HomePlanet_Mars,0.0
1764,982,Cabin_num,45
1765,982,Deck_A,0.0
1766,982,Deck_B,1.0
1767,982,Deck_C,0.0
1768,982,Deck_D,0.0
1769,982,Deck_E,0.0
1770,982,Deck_F,0.0
1771,982,Deck_G,0.0
1772,982,Deck_T,0.0
1773,982,Side_P,1.0
1774,982,Side_S,0.0
1775,284,Age,14.0
1776,284,ShoppingMall,0.0
1777,3455,RoomService,960.0
1778,1338,FoodCourt,6007.0
1779,5484,Destination_55 Cancri e,0.0
1780,5484,Destination_PSO J318.5-22,0.0
1781,5484,Destination_TRAPPIST-1e,1.0
1782,568,Age,36.0
1783,568,VIP,0.0
1784,4960,FoodCourt,0.0
1785,7672,VRDeck,0.0
1786,4508,Destination_55 Cancri e,0.0
1787,4508,Destination_PSO J318.5-22,0.0
1788,4508,Destination_TRAPPIST-1e,1.0
1789,7284,Spa,2152.0
1790,8593,CryoSleep,0.0
1791,926,VIP,0.0
1792,5624,FoodCourt,1374.0
1793,5189,VIP,0.0
1794,6255,Spa,0.0
1795,7658,Age,22.0
1796,5318,HomePlanet_Earth,0.0
1797,5318,HomePlanet_Europa,1.0
1798,5318,HomePlanet_Mars,0.0
1799,7047,RoomService,83.0
1800,37,RoomService,848.0
1801,2345,ShoppingMall,0.0
1802,5492,Age,23.0
1803,5770,Cabin_num,287
1804,5770,Deck_A,0.0
1805,5770,Deck_B,1.0
1806,5770,Deck_C,0.0
1807,5770,Deck_D,0.0
1808,5770,Deck_E,0.0
1809,5770,Deck_F,0.0
1810,5770,Deck_G,0.0
1811,5770,Deck_T,0.0
1812,5770,Side_P,0.0
1813,5770,Side_S,1.0
1814,482,Age,27.0
1815,6485,RoomService,0.0
1816,7816,CryoSleep,0.0
1817,6452,HomePlanet_Earth,0.0
1818,6452,HomePlanet_Europa,0.0
1819,6452,HomePlanet_Mars,1.0
1820,6287,ShoppingMall,1265.0
1821,1369,Spa,0.0
1822,2565,Destination_55 Cancri e,0.0
1823,2565,Destination_PSO J318.5-22,0.0
1824,2565,Destination_TRAPPIST-1e,1.0
1825,2109,RoomService,395.0
1826,1842,VIP,0.0
1827,1421,CryoSleep,1.0
1828,3915,FoodCourt,2236.0
1829,3915,Destination_55 Cancri e,1.0
1830,3915,Destination_PSO J318.5-22,0.0
1831,3915,Destination_TRAPPIST-1e,0.0
1832,5090,Cabin_num,489
1833,5090,Deck_A,0.0
1834,5090,Deck_B,0.0
1835,5090,Deck_C,0.0
1836,5090,Deck_D,0.0
1837,5090,Deck_E,0.0
1838,5090,Deck_F,1.0
1839,5090,Deck_G,0.0
1840,5090,Deck_T,0.0
1841,5090,Side_P,1.0
1842,5090,Side_S,0.0
1843,1077,Cabin_num,197
1844,1077,Deck_A,0.0
1845,1077,Deck_B,0.0
1846,1077,Deck_C,1.0
1847,1077,Deck_D,0.0
1848,1077,Deck_E,0.0
1849,1077,Deck_F,0.0
1850,1077,Deck_G,0.0
1851,1077,Deck_T,0.0
1852,1077,Side_P,0.0
1853,1077,Side_S,1.0
1854,750,VRDeck,1379.0
1855,4954,FoodCourt,2498.0
1856,6864,Age,22.0
1857,7440,Destination_55 Cancri e,0.0
1858,7440,Destination_PSO J318.5-22,0.0
1859,7440,Destination_TRAPPIST-1e,1.0
1860,5285,Cabin_num,48
1861,5285,Deck_A,0.0
1862,5285,Deck_B,1.0
1863,5285,Deck_C,0.0
1864,5285,Deck_D,0.0
1865,5285,Deck_E,0.0
1866,5285,Deck_F,0.0
1867,5285,Deck_G,0.0
1868,5285,Deck_T,0.0
1869,5285,Side_P,0.0
1870,5285,Side_S,1.0
1871,5488,CryoSleep,0.0
1872,8151,VIP,0.0
1873,2641,CryoSleep,0.0
1874,2641,VIP,0.0
1875,2641,VRDeck,1245.0
1876,1059,RoomService,0.0
1877,2145,ShoppingMall,3033.0
1878,7960,Spa,1212.0
1879,4282,Age,8.0
1880,4989,Spa,917.0
1881,2142,Spa,0.0
1882,5588,RoomService,187.0
1883,4784,Cabin_num,928
1884,4784,Deck_A,0.0
1885,4784,Deck_B,0.0
1886,4784,Deck_C,0.0
1887,4784,Deck_D,0.0
1888,4784,Deck_E,0.0
1889,4784,Deck_F,0.0
1890,4784,Deck_G,1.0
1891,4784,Deck_T,0.0
1892,4784,Side_P,0.0
1893,4784,Side_S,1.0
1894,1109,VIP,0.0
1895,2810,CryoSleep,0.0
1896,5683,Age,31.0
1897,3587,Destination_55 Cancri e,0.0
1898,3587,Destination_PSO J318.5-22,0.0
1899,3587,Destination_TRAPPIST-1e,1.0
1900,2957,RoomService,343.0
1901,3046,Cabin_num,210
1902,3046,Deck_A,0.0
1903,3046,Deck_B,1.0
1904,3046,Deck_C,0.0
1905,3046,Deck_D,0.0
1906,3046,Deck_E,0.0
1907,3046,Deck_F,0.0
1908,3046,Deck_G,0.0
1909,3046,Deck_T,0.0
1910,3046,Side_P,1.0
1911,3046,Side_S,0.0
1912,1141,VIP,0.0
1913,5738,Spa,0.0
1914,2600,RoomService,54.0
1915,7218,FoodCourt,3337.0
1916,2709,Cabin_num,145
1917,2709,Deck_A,0.0
1918,2709,Deck_B,0.0
1919,2709,Deck_C,0.0
1920,2709,Deck_D,0.0
1921,2709,Deck_E,0.0
1922,2709,Deck_F,1.0
1923,2709,Deck_G,0.0
1924,2709,Deck_T,0.0
1925,2709,Side_P,1.0
1926,2709,Side_S,0.0
1927,5340,VRDeck,2032.0
1928,1574,Spa,958.0
1929,440,HomePlanet_Earth,0.0
1930,440,HomePlanet_Europa,0.0
1931,440,HomePlanet_Mars,1.0
1932,719,ShoppingMall,1922.0
1933,4440,FoodCourt,4178.0
1934,5074,CryoSleep,0.0
1935,5990,HomePlanet_Earth,1.0
1936,5990,HomePlanet_Europa,1.0
1937,5990,HomePlanet_Mars,0.0
1938,7405,Destination_55 Cancri e,0.0
1939,7405,Destination_PSO J318.5-22,0.0
1940,7405,Destination_TRAPPIST-1e,1.0
1941,3342,ShoppingMall,3929.0
1942,2879,VIP,0.0
1943,1757,VRDeck,3121.0
1944,790,Cabin_num,1243
1945,790,Deck_A,0.0
1946,790,Deck_B,0.0
1947,790,Deck_C,0.0
1948,790,Deck_D,0.0
1949,790,Deck_E,0.0
1950,790,Deck_F,1.0
1951,790,Deck_G,0.0
1952,790,Deck_T,0.0
1953,790,Side_P,0.0
1954,790,Side_S,1.0
1955,800,CryoSleep,0.0
1956,2147,FoodCourt,0.0
1957,5780,VIP,0.0
1958,4500,VRDeck,3426.0
1959,7348,HomePlanet_Earth,0.0
1960,7348,HomePlanet_Europa,0.0
1961,7348,HomePlanet_Mars,1.0
1962,1972,Cabin_num,135
1963,1972,Deck_A,0.0
1964,1972,Deck_B,0.0
1965,1972,Deck_C,0.0
1966,1972,Deck_D,0.0
1967,1972,Deck_E,1.0
1968,1972,Deck_F,0.0
1969,1972,Deck_G,0.0
1970,1972,Deck_T,0.0
1971,1972,Side_P,0.0
1972,1972,Side_S,1.0
1973,8366,RoomService,468.0
1974,1058,RoomService,1079.0
1975,1955,RoomService,0.0
1976,7349,VIP,0.0
1977,8385,HomePlanet_Earth,1.0
1978,8385,HomePlanet_Europa,0.0
1979,8385,HomePlanet_Mars,0.0
1980,1787,RoomService,1609.0
1981,6069,VIP,0.0
1982,6069,ShoppingMall,356.0
1983,5526,Destination_55 Cancri e,0.0
1984,5526,Destination_PSO J318.5-22,0.0
1985,5526,Destination_TRAPPIST-1e,1.0
1986,7035,Spa,1570.0
1987,705,VRDeck,3886.0
1988,4102,FoodCourt,3400.0
1989,3280,Cabin_num,806
1990,3280,Deck_A,0.0
1991,3280,Deck_B,0.0
1992,3280,Deck_C,0.0
1993,3280,Deck_D,0.0
1994,3280,Deck_E,0.0
1995,3280,Deck_F,0.0
1996,3280,Deck_G,1.0
1997,3280,Deck_T,0.0
1998,3280,Side_P,1.0
1999,3280,Side_S,0.0
2000,8625,FoodCourt,1042.0
2001,8625,Spa,631.0
2002,7308,CryoSleep,0.0
2003,6932,Spa,1139.0
2004,1255,ShoppingMall,1393.0
2005,4226,VRDeck,2037.0
2006,2190,FoodCourt,1355.0
2007,7549,ShoppingMall,2291.0
2008,959,Destination_55 Cancri e,0.0
2009,959,Destination_PSO J318.5-22,0.0
2010,959,Destination_TRAPPIST-1e,1.0
2011,7848,Cabin_num,0
2012,7848,Deck_A,0.0
2013,7848,Deck_B,1.0
2014,7848,Deck_C,0.0
2015,7848,Deck_D,0.0
2016,7848,Deck_E,0.0
2017,7848,Deck_F,0.0
2018,7848,Deck_G,0.0
2019,7848,Deck_T,0.0
2020,7848,Side_P,0.0
2021,7848,Side_S,1.0
2022,6228,CryoSleep,0.0
2023,5537,VIP,0.0
2024,8648,Destination_55 Cancri e,0.0
2025,8648,Destination_PSO J318.5-22,0.0
2026,8648,Destination_TRAPPIST-1e,1.0
2027,1618,CryoSleep,0.0
2028,5490,Age,33.0
2029,6039,Cabin_num,135
2030,6039,Deck_A,0.0
2031,6039,Deck_B,0.0
2032,6039,Deck_C,0.0
2033,6039,Deck_D,0.0
2034,6039,Deck_E,1.0
2035,6039,Deck_F,0.0
2036,6039,Deck_G,0.0
2037,6039,Deck_T,0.0
2038,6039,Side_P,0.0
2039,6039,Side_S,1.0
2040,6074,CryoSleep,0.0
2041,6074,RoomService,884.0
2042,5535,FoodCourt,2253.0
2043,2575,CryoSleep,0.0
2044,2751,HomePlanet_Earth,1.0
2045,2751,HomePlanet_Europa,0.0
2046,2751,HomePlanet_Mars,0.0
2047,7063,VRDeck,0.0
2048,5062,CryoSleep,0.0
2049,2775,FoodCourt,1493.0
2050,2775,HomePlanet_Earth,1.0
2051,2775,HomePlanet_Europa,0.0
2052,2775,HomePlanet_Mars,0.0
2053,8218,VRDeck,798.0
2054,8487,Cabin_num,164
2055,8487,Deck_A,0.0
2056,8487,Deck_B,1.0
2057,8487,Deck_C,0.0
2058,8487,Deck_D,0.0
2059,8487,Deck_E,0.0
2060,8487,Deck_F,0.0
2061,8487,Deck_G,0.0
2062,8487,Deck_T,0.0
2063,8487,Side_P,0.0
2064,8487,Side_S,1.0
2065,574,ShoppingMall,0.0
2066,574,VRDeck,0.0
2067,3618,Destination_55 Cancri e,1.0
2068,3618,Destination_PSO J318.5-22,0.0
2069,3618,Destination_TRAPPIST-1e,0.0
2070,1107,CryoSleep,0.0
2071,5292,FoodCourt,0.0
2072,5292,VRDeck,0.0
2073,5337,ShoppingMall,1106.0
2074,7799,RoomService,0.0
2075,7799,Cabin_num,100
2076,7799,Deck_A,0.0
2077,7799,Deck_B,1.0
2078,7799,Deck_C,0.0
2079,7799,Deck_D,0.0
2080,7799,Deck_E,0.0
2081,7799,Deck_F,0.0
2082,7799,Deck_G,0.0
2083,7799,Deck_T,0.0
2084,7799,Side_P,1.0
2085,7799,Side_S,0.0
2086,4232,HomePlanet_Earth,1.0
2087,4232,HomePlanet_Europa,0.0
2088,4232,HomePlanet_Mars,0.0
2089,52,Age,63.0
2090,6290,CryoSleep,1.0
2091,6351,Age,17.0
2092,8553,Destination_55 Cancri e,0.0
2093,8553,Destination_PSO J318.5-22,0.0
2094,8553,Destination_TRAPPIST-1e,1.0
2095,5414,ShoppingMall,374.0
2096,6632,VIP,0.0
2097,8635,ShoppingMall,0.0
2098,1916,FoodCourt,10455.0
2099,1480,Cabin_num,1163
2100,1480,Deck_A,0.0
2101,1480,Deck_B,0.0
2102,1480,Deck_C,0.0
2103,1480,Deck_D,0.0
2104,1480,Deck_E,0.0
2105,1480,Deck_F,1.0
2106,1480,Deck_G,0.0
2107,1480,Deck_T,0.0
2108,1480,Side_P,0.0
2109,1480,Side_S,1.0
2110,3689,CryoSleep,1.0
2111,1343,ShoppingMall,328.0
2112,6006,HomePlanet_Earth,1.0
2113,6006,HomePlanet_Europa,0.0
2114,6006,HomePlanet_Mars,0.0
2115,1879,RoomService,1166.0
2116,4472,FoodCourt,0.0
2117,5467,HomePlanet_Earth,0.0
2118,5467,HomePlanet_Europa,1.0
2119,5467,HomePlanet_Mars,0.0
2120,8176,RoomService,836.0
2121,2127,ShoppingMall,451.0
2122,5010,CryoSleep,0.0
2123,5833,ShoppingMall,0.0
2124,3328,HomePlanet_Earth,1.0
2125,3328,HomePlanet_Europa,0.0
2126,3328,HomePlanet_Mars,0.0
2127,939,Destination_55 Cancri e,0.0
2128,939,Destination_PSO J318.5-22,0.0
2129,939,Destination_TRAPPIST-1e,1.0
2130,5124,RoomService,0.0
2131,1874,CryoSleep,0.0
2132,3807,ShoppingMall,2460.0
2133,1543,VRDeck,0.0
2134,654,Age,38.0
2135,2594,RoomService,462.0
2136,5349,VIP,0.0
2137,4882,CryoSleep,1.0
2138,3177,VIP,0.0
2139,2301,ShoppingMall,880.0
2140,4546,FoodCourt,0.0
2141,4546,Cabin_num,481
2142,4546,Deck_A,0.0
2143,4546,Deck_B,0.0
2144,4546,Deck_C,0.0
2145,4546,Deck_D,0.0
2146,4546,Deck_E,1.0
2147,4546,Deck_F,0.0
2148,4546,Deck_G,0.0
2149,4546,Deck_T,0.0
2150,4546,Side_P,1.0
2151,4546,Side_S,0.0
2152,2317,Cabin_num,426
2153,2317,Deck_A,0.0
2154,2317,Deck_B,0.0
2155,2317,Deck_C,0.0
2156,2317,Deck_D,0.0
2157,2317,Deck_E,0.0
2158,2317,Deck_F,0.0
2159,2317,Deck_G,1.0
2160,2317,Deck_T,0.0
2161,2317,Side_P,0.0
2162,2317,Side_S,1.0
2163,7541,HomePlanet_Earth,1.0
2164,7541,HomePlanet_Europa,0.0
2165,7541,HomePlanet_Mars,0.0
2166,5207,CryoSleep,0.0
2167,1385,CryoSleep,1.0
2168,1385,VIP,0.0
2169,1030,VIP,0.0
2170,1996,Age,25.0
2171,5070,FoodCourt,743.0
2172,6308,ShoppingMall,826.0
2173,3974,CryoSleep,0.0
2174,5081,HomePlanet_Earth,1.0
2175,5081,HomePlanet_Europa,0.0
2176,5081,HomePlanet_Mars,0.0
2177,1110,ShoppingMall,1155.0
2178,8351,Spa,0.0
2179,2365,Cabin_num,348
2180,2365,Deck_A,0.0
2181,2365,Deck_B,0.0
2182,2365,Deck_C,1.0
2183,2365,Deck_D,0.0
2184,2365,Deck_E,0.0
2185,2365,Deck_F,0.0
2186,2365,Deck_G,0.0
2187,2365,Deck_T,0.0
2188,2365,Side_P,0.0
2189,2365,Side_S,1.0
2190,4096,Cabin_num,416
2191,4096,Deck_A,0.0
2192,4096,Deck_B,0.0
2193,4096,Deck_C,0.0
2194,4096,Deck_D,0.0
2195,4096,Deck_E,0.0
2196,4096,Deck_F,1.0
2197,4096,Deck_G,0.0
2198,4096,Deck_T,0.0
2199,4096,Side_P,1.0
2200,4096,Side_S,0.0
2201,1505,Spa,0.0
2202,7453,HomePlanet_Earth,0.0
2203,7453,HomePlanet_Europa,1.0
2204,7453,HomePlanet_Mars,0.0
2205,571,VRDeck,0.0
2206,847,ShoppingMall,2474.0
2207,3691,CryoSleep,0.0
2208,7935,CryoSleep,0.0
2209,3865,ShoppingMall,1607.0
2210,8287,HomePlanet_Earth,1.0
2211,8287,HomePlanet_Europa,0.0
2212,8287,HomePlanet_Mars,0.0
2213,2058,VRDeck,1371.0
2214,3818,HomePlanet_Earth,1.0
2215,3818,HomePlanet_Europa,0.0
2216,3818,HomePlanet_Mars,0.0
2217,6259,RoomService,0.0
2218,6259,HomePlanet_Earth,0.0
2219,6259,HomePlanet_Europa,1.0
2220,6259,HomePlanet_Mars,0.0
2221,4761,Destination_55 Cancri e,0.0
2222,4761,Destination_PSO J318.5-22,0.0
2223,4761,Destination_TRAPPIST-1e,1.0
2224,5850,Age,18.0
2225,7418,Cabin_num,769
2226,7418,Deck_A,0.0
2227,7418,Deck_B,0.0
2228,7418,Deck_C,0.0
2229,7418,Deck_D,0.0
2230,7418,Deck_E,0.0
2231,7418,Deck_F,0.0
2232,7418,Deck_G,1.0
2233,7418,Deck_T,0.0
2234,7418,Side_P,1.0
2235,7418,Side_S,0.0
2236,6500,Destination_55 Cancri e,1.0
2237,6500,Destination_PSO J318.5-22,0.0
2238,6500,Destination_TRAPPIST-1e,0.0
2239,5459,Destination_55 Cancri e,0.0
2240,5459,Destination_PSO J318.5-22,1.0
2241,5459,Destination_TRAPPIST-1e,0.0
2242,7206,CryoSleep,1.0
2243,7739,Age,27.0
2244,1758,CryoSleep,0.0
2245,2089,VRDeck,132.0
2246,3584,Age,38.0
2247,4317,HomePlanet_Earth,1.0
2248,4317,HomePlanet_Europa,0.0
2249,4317,HomePlanet_Mars,0.0
2250,6918,VRDeck,0.0
2251,2346,Spa,0.0
2252,3260,Age,43.0
2253,6474,CryoSleep,1.0
2254,2348,VIP,0.0
2255,1280,VRDeck,834.0
2256,4515,Cabin_num,1674
2257,4515,Deck_A,0.0
2258,4515,Deck_B,0.0
2259,4515,Deck_C,0.0
2260,4515,Deck_D,0.0
2261,4515,Deck_E,0.0
2262,4515,Deck_F,1.0
2263,4515,Deck_G,0.0
2264,4515,Deck_T,0.0
2265,4515,Side_P,1.0
2266,4515,Side_S,0.0
2267,6478,Age,24.0
2268,6258,VRDeck,137.0
2269,7736,Age,24.0
2270,4305,Age,33.0
2271,3204,ShoppingMall,0.0
2272,6882,RoomService,787.0
2273,6012,Cabin_num,281
2274,6012,Deck_A,0.0
2275,6012,Deck_B,0.0
2276,6012,Deck_C,0.0
2277,6012,Deck_D,0.0
2278,6012,Deck_E,0.0
2279,6012,Deck_F,1.0
2280,6012,Deck_G,0.0
2281,6012,Deck_T,0.0
2282,6012,Side_P,1.0
2283,6012,Side_S,0.0
2284,1850,Spa,455.0
2285,8367,VIP,0.0
2286,3349,CryoSleep,1.0
2287,3355,CryoSleep,0.0
2288,4527,Spa,0.0
2289,6346,VRDeck,0.0
2290,6187,VRDeck,2995.0
2291,910,RoomService,195.0
2292,910,FoodCourt,1086.0
2293,7317,FoodCourt,0.0
2294,531,Destination_55 Cancri e,0.0
2295,531,Destination_PSO J318.5-22,0.0
2296,531,Destination_TRAPPIST-1e,1.0
2297,4748,RoomService,501.0
2298,7358,Cabin_num,347
2299,7358,Deck_A,0.0
2300,7358,Deck_B,0.0
2301,7358,Deck_C,0.0
2302,7358,Deck_D,0.0
2303,7358,Deck_E,0.0
2304,7358,Deck_F,0.0
2305,7358,Deck_G,1.0
2306,7358,Deck_T,0.0
2307,7358,Side_P,1.0
2308,7358,Side_S,0.0
2309,3435,RoomService,0.0
2310,3435,HomePlanet_Earth,0.0
2311,3435,HomePlanet_Europa,0.0
2312,3435,HomePlanet_Mars,1.0
2313,3289,VIP,0.0
2314,3289,RoomService,401.0
2315,5029,RoomService,4213.0
2316,3404,Age,9.0
2317,5142,VRDeck,192.0
2318,1990,Age,28.0
2319,1821,VRDeck,0.0
2320,7601,VRDeck,1304.0
2321,6971,CryoSleep,0.0
2322,6971,ShoppingMall,322.0
2323,49,Destination_55 Cancri e,0.0
2324,49,Destination_PSO J318.5-22,0.0
2325,49,Destination_TRAPPIST-1e,1.0
2326,297,Cabin_num,0
2327,297,Deck_A,0.0
2328,297,Deck_B,0.0
2329,297,Deck_C,0.0
2330,297,Deck_D,0.0
2331,297,Deck_E,0.0
2332,297,Deck_F,0.0
2333,297,Deck_G,1.0
2334,297,Deck_T,0.0
2335,297,Side_P,1.0
2336,297,Side_S,0.0
2337,456,ShoppingMall,0.0
2338,1726,VRDeck,0.0
2339,5018,HomePlanet_Earth,0.0
2340,5018,HomePlanet_Europa,0.0
2341,5018,HomePlanet_Mars,1.0
2342,1324,CryoSleep,0.0
2343,5551,Destination_55 Cancri e,0.0
2344,5551,Destination_PSO J318.5-22,0.0
2345,5551,Destination_TRAPPIST-1e,1.0
2346,113,CryoSleep,1.0
2347,113,VRDeck,0.0
2348,3041,RoomService,233.0
2349,3056,Destination_55 Cancri e,0.0
2350,3056,Destination_PSO J318.5-22,0.0
2351,3056,Destination_TRAPPIST-1e,1.0
2352,2180,FoodCourt,1595.0
2353,3733,Destination_55 Cancri e,0.0
2354,3733,Destination_PSO J318.5-22,0.0
2355,3733,Destination_TRAPPIST-1e,1.0
2356,6000,Age,51.0
2357,6000,ShoppingMall,0.0
2358,6480,Destination_55 Cancri e,0.0
2359,6480,Destination_PSO J318.5-22,0.0
2360,6480,Destination_TRAPPIST-1e,1.0
2361,7318,HomePlanet_Earth,1.0
2362,7318,HomePlanet_Europa,0.0
2363,7318,HomePlanet_Mars,0.0
2364,5233,VIP,0.0
2365,1507,VRDeck,351.0
2366,1446,FoodCourt,0.0
2367,6554,Destination_55 Cancri e,0.0
2368,6554,Destination_PSO J318.5-22,0.0
2369,6554,Destination_TRAPPIST-1e,1.0
2370,2876,FoodCourt,0.0
2371,4677,CryoSleep,0.0
2372,4235,VRDeck,4369.0
2373,8039,VIP,0.0
2374,2526,Destination_55 Cancri e,0.0
2375,2526,Destination_PSO J318.5-22,0.0
2376,2526,Destination_TRAPPIST-1e,1.0
2377,5073,ShoppingMall,935.0
2378,5746,VIP,0.0
2379,3916,Cabin_num,240
2380,3916,Deck_A,0.0
2381,3916,Deck_B,1.0
2382,3916,Deck_C,0.0
2383,3916,Deck_D,0.0
2384,3916,Deck_E,0.0
2385,3916,Deck_F,0.0
2386,3916,Deck_G,0.0
2387,3916,Deck_T,0.0
2388,3916,Side_P,1.0
2389,3916,Side_S,0.0
2390,438,Cabin_num,477
2391,438,Deck_A,0.0
2392,438,Deck_B,0.0
2393,438,Deck_C,0.0
2394,438,Deck_D,0.0
2395,438,Deck_E,0.0
2396,438,Deck_F,0.0
2397,438,Deck_G,1.0
2398,438,Deck_T,0.0
2399,438,Side_P,0.0
2400,438,Side_S,1.0
2401,4125,Destination_55 Cancri e,0.0
2402,4125,Destination_PSO J318.5-22,0.0
2403,4125,Destination_TRAPPIST-1e,1.0
2404,4130,Destination_55 Cancri e,0.0
2405,4130,Destination_PSO J318.5-22,0.0
2406,4130,Destination_TRAPPIST-1e,1.0
2407,3153,VRDeck,0.0
2408,3390,Age,24.0
2409,4582,Age,30.0
2410,7974,FoodCourt,2815.0
2411,7158,Destination_55 Cancri e,0.0
2412,7158,Destination_PSO J318.5-22,0.0
2413,7158,Destination_TRAPPIST-1e,1.0
2414,5169,Age,25.0
2415,6909,VIP,0.0
2416,7597,CryoSleep,0.0
2417,3703,Cabin_num,287
2418,3703,Deck_A,0.0
2419,3703,Deck_B,1.0
2420,3703,Deck_C,0.0
2421,3703,Deck_D,0.0
2422,3703,Deck_E,0.0
2423,3703,Deck_F,0.0
2424,3703,Deck_G,0.0
2425,3703,Deck_T,0.0
2426,3703,Side_P,0.0
2427,3703,Side_S,1.0
2428,2275,VIP,0.0
2429,2208,Destination_55 Cancri e,0.0
2430,2208,Destination_PSO J318.5-22,0.0
2431,2208,Destination_TRAPPIST-1e,1.0
2432,1762,VIP,0.0
2433,970,ShoppingMall,2230.0
2434,117,VRDeck,0.0
2435,8614,CryoSleep,1.0
2436,6013,HomePlanet_Earth,1.0
2437,6013,HomePlanet_Europa,0.0
2438,6013,HomePlanet_Mars,0.0
2439,8571,Spa,0.0
2440,6937,Spa,0.0
2441,5829,VIP,0.0
2442,879,Destination_55 Cancri e,0.0
2443,879,Destination_PSO J318.5-22,1.0
2444,879,Destination_TRAPPIST-1e,0.0
2445,1205,Age,14.0
2446,1205,FoodCourt,0.0
2447,1205,Destination_55 Cancri e,0.0
2448,1205,Destination_PSO J318.5-22,0.0
2449,1205,Destination_TRAPPIST-1e,1.0
2450,4550,ShoppingMall,1912.0
2451,4550,HomePlanet_Earth,0.0
2452,4550,HomePlanet_Europa,0.0
2453,4550,HomePlanet_Mars,1.0
2454,584,VIP,0.0
2455,229,Cabin_num,1676
2456,229,Deck_A,0.0
2457,229,Deck_B,0.0
2458,229,Deck_C,0.0
2459,229,Deck_D,0.0
2460,229,Deck_E,0.0
2461,229,Deck_F,1.0
2462,229,Deck_G,0.0
2463,229,Deck_T,0.0
2464,229,Side_P,0.0
2465,229,Side_S,1.0
2466,3809,CryoSleep,0.0
2467,2781,Destination_55 Cancri e,0.0
2468,2781,Destination_PSO J318.5-22,0.0
2469,2781,Destination_TRAPPIST-1e,1.0
2470,2244,Destination_55 Cancri e,0.0
2471,2244,Destination_PSO J318.5-22,0.0
2472,2244,Destination_TRAPPIST-1e,1.0
2473,2295,RoomService,55.0
2474,835,FoodCourt,1185.0
2475,6530,VIP,0.0
2476,8041,Cabin_num,1119
2477,8041,Deck_A,0.0
2478,8041,Deck_B,0.0
2479,8041,Deck_C,0.0
2480,8041,Deck_D,0.0
2481,8041,Deck_E,0.0
2482,8041,Deck_F,0.0
2483,8041,Deck_G,1.0
2484,8041,Deck_T,0.0
2485,8041,Side_P,1.0
2486,8041,Side_S,0.0
2487,4565,FoodCourt,0.0
2488,7972,RoomService,55.0
2489,7692,CryoSleep,0.0
2490,890,Spa,553.0
2491,8477,Cabin_num,40
2492,8477,Deck_A,0.0
2493,8477,Deck_B,0.0
2494,8477,Deck_C,1.0
2495,8477,Deck_D,0.0
2496,8477,Deck_E,0.0
2497,8477,Deck_F,0.0
2498,8477,Deck_G,0.0
2499,8477,Deck_T,0.0
2500,8477,Side_P,0.0
2501,8477,Side_S,1.0
2502,6604,Destination_55 Cancri e,0.0
2503,6604,Destination_PSO J318.5-22,0.0
2504,6604,Destination_TRAPPIST-1e,1.0
2505,5157,Cabin_num,464
2506,5157,Deck_A,0.0
2507,5157,Deck_B,0.0
2508,5157,Deck_C,0.0
2509,5157,Deck_D,0.0
2510,5157,Deck_E,0.0
2511,5157,Deck_F,0.0
2512,5157,Deck_G,1.0
2513,5157,Deck_T,0.0
2514,5157,Side_P,1.0
2515,5157,Side_S,0.0
2516,4567,CryoSleep,0.0
2517,4567,ShoppingMall,321.0
2518,6890,RoomService,516.0
2519,5609,Age,24.0
2520,1342,Age,30.0
2521,2912,VRDeck,3035.0
2522,681,ShoppingMall,0.0
2523,681,Cabin_num,161
2524,681,Deck_A,0.0
2525,681,Deck_B,1.0
2526,681,Deck_C,0.0
2527,681,Deck_D,0.0
2528,681,Deck_E,0.0
2529,681,Deck_F,0.0
2530,681,Deck_G,0.0
2531,681,Deck_T,0.0
2532,681,Side_P,0.0
2533,681,Side_S,1.0
2534,7197,Destination_55 Cancri e,0.0
2535,7197,Destination_PSO J318.5-22,0.0
2536,7197,Destination_TRAPPIST-1e,1.0
2537,7393,CryoSleep,0.0
2538,5856,VIP,0.0
2539,845,Spa,440.0
2540,5423,Destination_55 Cancri e,0.0
2541,5423,Destination_PSO J318.5-22,0.0
2542,5423,Destination_TRAPPIST-1e,1.0
2543,2527,VIP,0.0
2544,576,FoodCourt,738.0
2545,3556,Cabin_num,730
2546,3556,Deck_A,0.0
2547,3556,Deck_B,0.0
2548,3556,Deck_C,0.0
2549,3556,Deck_D,0.0
2550,3556,Deck_E,0.0
2551,3556,Deck_F,0.0
2552,3556,Deck_G,1.0
2553,3556,Deck_T,0.0
2554,3556,Side_P,0.0
2555,3556,Side_S,1.0
2556,4902,Age,20.0
2557,7631,Cabin_num,1084
2558,7631,Deck_A,0.0
2559,7631,Deck_B,0.0
2560,7631,Deck_C,0.0
2561,7631,Deck_D,0.0
2562,7631,Deck_E,0.0
2563,7631,Deck_F,0.0
2564,7631,Deck_G,1.0
2565,7631,Deck_T,0.0
2566,7631,Side_P,0.0
2567,7631,Side_S,1.0
2568,247,Spa,0.0
2569,4011,Cabin_num,237
2570,4011,Deck_A,0.0
2571,4011,Deck_B,1.0
2572,4011,Deck_C,0.0
2573,4011,Deck_D,0.0
2574,4011,Deck_E,0.0
2575,4011,Deck_F,0.0
2576,4011,Deck_G,0.0
2577,4011,Deck_T,0.0
2578,4011,Side_P,1.0
2579,4011,Side_S,0.0
2580,4737,RoomService,1724.0
2581,4979,RoomService,0.0
2582,770,VRDeck,0.0
2583,1594,RoomService,498.0
2584,1594,Cabin_num,420
2585,1594,Deck_A,0.0
2586,1594,Deck_B,0.0
2587,1594,Deck_C,0.0
2588,1594,Deck_D,0.0
2589,1594,Deck_E,0.0
2590,1594,Deck_F,0.0
2591,1594,Deck_G,1.0
2592,1594,Deck_T,0.0
2593,1594,Side_P,0.0
2594,1594,Side_S,1.0
2595,1074,FoodCourt,0.0
2596,1813,Spa,1539.0
2597,4597,VRDeck,2609.0
2598,6018,Age,43.0
2599,6018,FoodCourt,0.0
2600,27,RoomService,0.0
2601,871,FoodCourt,2022.0
2602,1521,Cabin_num,121
2603,1521,Deck_A,0.0
2604,1521,Deck_B,0.0
2605,1521,Deck_C,0.0
2606,1521,Deck_D,0.0
2607,1521,Deck_E,0.0
2608,1521,Deck_F,0.0
2609,1521,Deck_G,1.0
2610,1521,Deck_T,0.0
2611,1521,Side_P,1.0
2612,1521,Side_S,0.0
2613,3497,Cabin_num,445
2614,3497,Deck_A,0.0
2615,3497,Deck_B,0.0
2616,3497,Deck_C,0.0
2617,3497,Deck_D,0.0
2618,3497,Deck_E,0.0
2619,3497,Deck_F,0.0
2620,3497,Deck_G,1.0
2621,3497,Deck_T,0.0
2622,3497,Side_P,1.0
2623,3497,Side_S,0.0
2624,3654,FoodCourt,0.0
2625,2864,RoomService,416.0
2626,3528,FoodCourt,290.0
2627,7388,VIP,0.0
2628,6289,VRDeck,1462.0
2629,684,CryoSleep,1.0
2630,9,VRDeck,0.0
2631,3706,Cabin_num,145
2632,3706,Deck_A,0.0
2633,3706,Deck_B,0.0
2634,3706,Deck_C,0.0
2635,3706,Deck_D,0.0
2636,3706,Deck_E,0.0
2637,3706,Deck_F,0.0
2638,3706,Deck_G,1.0
2639,3706,Deck_T,0.0
2640,3706,Side_P,1.0
2641,3706,Side_S,0.0
2642,713,Destination_55 Cancri e,0.0
2643,713,Destination_PSO J318.5-22,0.0
2644,713,Destination_TRAPPIST-1e,1.0
2645,1716,Cabin_num,262
2646,1716,HomePlanet_Earth,0.0
2647,1716,HomePlanet_Europa,1.0
2648,1716,HomePlanet_Mars,0.0
2649,1716,Deck_A,0.0
2650,1716,Deck_B,1.0
2651,1716,Deck_C,0.0
2652,1716,Deck_D,0.0
2653,1716,Deck_E,0.0
2654,1716,Deck_F,0.0
2655,1716,Deck_G,0.0
2656,1716,Deck_T,0.0
2657,1716,Side_P,1.0
2658,1716,Side_S,0.0
2659,3433,Spa,628.0
2660,2009,VIP,0.0
2661,7359,CryoSleep,1.0
2662,6625,Age,10.0
2663,6269,Cabin_num,0
2664,6269,HomePlanet_Earth,0.0
2665,6269,HomePlanet_Europa,0.0
2666,6269,HomePlanet_Mars,1.0
2667,6269,Deck_A,0.0
2668,6269,Deck_B,0.0
2669,6269,Deck_C,0.0
2670,6269,Deck_D,0.0
2671,6269,Deck_E,0.0
2672,6269,Deck_F,1.0
2673,6269,Deck_G,0.0
2674,6269,Deck_T,0.0
2675,6269,Side_P,0.0
2676,6269,Side_S,1.0
2677,3199,ShoppingMall,0.0
2678,7120,VIP,0.0
2679,1892,CryoSleep,0.0
2680,2586,VRDeck,0.0
2681,2072,Destination_55 Cancri e,0.0
2682,2072,Destination_PSO J318.5-22,0.0
2683,2072,Destination_TRAPPIST-1e,1.0
2684,1627,ShoppingMall,424.0
2685,828,Cabin_num,1674
2686,828,Deck_A,0.0
2687,828,Deck_B,0.0
2688,828,Deck_C,0.0
2689,828,Deck_D,0.0
2690,828,Deck_E,0.0
2691,828,Deck_F,1.0
2692,828,Deck_G,0.0
2693,828,Deck_T,0.0
2694,828,Side_P,0.0
2695,828,Side_S,1.0
2696,4156,RoomService,483.0
2697,4156,HomePlanet_Earth,0.0
2698,4156,HomePlanet_Europa,0.0
2699,4156,HomePlanet_Mars,1.0
2700,5830,ShoppingMall,1333.0
2701,5830,Destination_55 Cancri e,0.0
2702,5830,Destination_PSO J318.5-22,0.0
2703,5830,Destination_TRAPPIST-1e,1.0
2704,8667,VRDeck,0.0
2705,3772,Cabin_num,1320
2706,3772,Deck_A,0.0
2707,3772,Deck_B,0.0
2708,3772,Deck_C,0.0
2709,3772,Deck_D,0.0
2710,3772,Deck_E,0.0
2711,3772,Deck_F,0.0
2712,3772,Deck_G,1.0
2713,3772,Deck_T,0.0
2714,3772,Side_P,0.0
2715,3772,Side_S,1.0
2716,721,Destination_55 Cancri e,0.0
2717,721,Destination_PSO J318.5-22,0.0
2718,721,Destination_TRAPPIST-1e,1.0
2719,8427,RoomService,0.0
2720,2458,VRDeck,1828.0
2721,922,HomePlanet_Earth,1.0
2722,922,HomePlanet_Europa,0.0
2723,922,HomePlanet_Mars,0.0
2724,5801,CryoSleep,1.0
2725,5801,ShoppingMall,0.0
2726,5004,Destination_55 Cancri e,0.0
2727,5004,Destination_PSO J318.5-22,0.0
2728,5004,Destination_TRAPPIST-1e,1.0
2729,7466,VIP,0.0
2730,464,Cabin_num,0
2731,464,Deck_A,0.0
2732,464,Deck_B,0.0
2733,464,Deck_C,0.0
2734,464,Deck_D,0.0
2735,464,Deck_E,0.0
2736,464,Deck_F,1.0
2737,464,Deck_G,0.0
2738,464,Deck_T,0.0
2739,464,Side_P,1.0
2740,464,Side_S,0.0
2741,1632,Age,39.0
2742,1632,Destination_55 Cancri e,0.0
2743,1632,Destination_PSO J318.5-22,0.0
2744,1632,Destination_TRAPPIST-1e,1.0
2745,5699,CryoSleep,0.0
2746,5699,VIP,0.0
2747,6839,VIP,0.0
2748,6848,Destination_55 Cancri e,1.0
2749,6848,Destination_PSO J318.5-22,0.0
2750,6848,Destination_TRAPPIST-1e,0.0
2751,7918,ShoppingMall,993.0
2752,6931,FoodCourt,3435.0
2753,1829,VIP,0.0
2754,2451,VIP,0.0
2755,8079,HomePlanet_Earth,1.0
2756,8079,HomePlanet_Europa,0.0
2757,8079,HomePlanet_Mars,0.0
2758,7341,HomePlanet_Earth,1.0
2759,7341,HomePlanet_Europa,0.0
2760,7341,HomePlanet_Mars,0.0
2761,7978,Age,51.0
2762,3778,CryoSleep,0.0
2763,3275,VIP,0.0
2764,4521,RoomService,0.0
2765,3063,CryoSleep,0.0
2766,7832,FoodCourt,0.0
2767,1357,ShoppingMall,952.0
2768,1357,Destination_55 Cancri e,0.0
2769,1357,Destination_PSO J318.5-22,0.0
2770,1357,Destination_TRAPPIST-1e,1.0
2771,490,Age,45.0
2772,4286,RoomService,241.0
2773,3768,VRDeck,0.0
2774,7826,Age,18.0
2775,1466,VIP,0.0
2776,956,VIP,0.0
2777,5810,CryoSleep,0.0
2778,5810,Age,30.0
2779,6906,CryoSleep,0.0
2780,6906,Spa,2020.0
2781,6906,Destination_55 Cancri e,0.0
2782,6906,Destination_PSO J318.5-22,0.0
2783,6906,Destination_TRAPPIST-1e,1.0
2784,4299,CryoSleep,1.0
2785,6958,Spa,0.0
2786,961,VIP,0.0
2787,961,Cabin_num,0
2788,961,Deck_A,0.0
2789,961,Deck_B,0.0
2790,961,Deck_C,0.0
2791,961,Deck_D,0.0
2792,961,Deck_E,1.0
2793,961,Deck_F,0.0
2794,961,Deck_G,0.0
2795,961,Deck_T,0.0
2796,961,Side_P,1.0
2797,961,Side_S,0.0
2798,4542,Spa,0.0
2799,1966,Spa,769.0
2800,6058,HomePlanet_Earth,1.0
2801,6058,HomePlanet_Europa,0.0
2802,6058,HomePlanet_Mars,0.0
2803,3949,Spa,663.0
2804,2076,Age,46.0
2805,4998,VRDeck,2093.0
2806,485,FoodCourt,2128.0
2807,485,VRDeck,0.0
2808,104,VIP,0.0
2809,5686,ShoppingMall,0.0
2810,7660,Spa,300.0
2811,4434,Age,21.0
2812,2176,Age,38.0
2813,7203,ShoppingMall,826.0
2814,6486,FoodCourt,0.0
2815,850,HomePlanet_Earth,1.0
2816,850,HomePlanet_Europa,0.0
2817,850,HomePlanet_Mars,0.0
2818,2463,HomePlanet_Earth,1.0
2819,2463,HomePlanet_Europa,0.0
2820,2463,HomePlanet_Mars,0.0
2821,1995,FoodCourt,0.0
2822,2196,FoodCourt,3.0
2823,1960,VIP,0.0
2824,1960,Cabin_num,436
2825,1960,Deck_A,0.0
2826,1960,Deck_B,0.0
2827,1960,Deck_C,0.0
2828,1960,Deck_D,0.0
2829,1960,Deck_E,0.0
2830,1960,Deck_F,1.0
2831,1960,Deck_G,0.0
2832,1960,Deck_T,0.0
2833,1960,Side_P,0.0
2834,1960,Side_S,1.0
2835,4427,VRDeck,0.0
2836,7529,Cabin_num,671
2837,7529,Deck_A,0.0
2838,7529,Deck_B,0.0
2839,7529,Deck_C,0.0
2840,7529,Deck_D,0.0
2841,7529,Deck_E,0.0
2842,7529,Deck_F,0.0
2843,7529,Deck_G,1.0
2844,7529,Deck_T,0.0
2845,7529,Side_P,0.0
2846,7529,Side_S,1.0
2847,2507,Cabin_num,1757
2848,2507,Deck_A,0.0
2849,2507,Deck_B,0.0
2850,2507,Deck_C,0.0
2851,2507,Deck_D,0.0
2852,2507,Deck_E,0.0
2853,2507,Deck_F,1.0
2854,2507,Deck_G,0.0
2855,2507,Deck_T,0.0
2856,2507,Side_P,1.0
2857,2507,Side_S,0.0
2858,8514,VIP,0.0
2859,4678,CryoSleep,1.0
2860,463,Spa,4658.0
2861,1567,CryoSleep,0.0
2862,18,ShoppingMall,2446.0
2863,4368,HomePlanet_Earth,0.0
2864,4368,HomePlanet_Europa,0.0
2865,4368,HomePlanet_Mars,1.0
2866,2820,VIP,0.0
2867,100,CryoSleep,0.0
2868,6293,CryoSleep,1.0
2869,2694,Spa,425.0
2870,2833,Spa,0.0
2871,262,Cabin_num,252
2872,262,Deck_A,0.0
2873,262,Deck_B,0.0
2874,262,Deck_C,0.0
2875,262,Deck_D,1.0
2876,262,Deck_E,0.0
2877,262,Deck_F,0.0
2878,262,Deck_G,0.0
2879,262,Deck_T,0.0
2880,262,Side_P,0.0
2881,262,Side_S,1.0
2882,1401,HomePlanet_Earth,1.0
2883,1401,HomePlanet_Europa,0.0
2884,1401,HomePlanet_Mars,0.0
2885,172,RoomService,987.0
2886,8559,Age,35.0
2887,7110,Spa,0.0
2888,1864,Cabin_num,64
2889,1864,Deck_A,0.0
2890,1864,Deck_B,1.0
2891,1864,Deck_C,0.0
2892,1864,Deck_D,0.0
2893,1864,Deck_E,0.0
2894,1864,Deck_F,0.0
2895,1864,Deck_G,0.0
2896,1864,Deck_T,0.0
2897,1864,Side_P,1.0
2898,1864,Side_S,0.0
2899,8219,Destination_55 Cancri e,0.0
2900,8219,Destination_PSO J318.5-22,0.0
2901,8219,Destination_TRAPPIST-1e,1.0
2902,3790,Age,14.0
2903,1381,Cabin_num,47
2904,1381,Deck_A,0.0
2905,1381,Deck_B,0.0
2906,1381,Deck_C,1.0
2907,1381,Deck_D,0.0
2908,1381,Deck_E,0.0
2909,1381,Deck_F,0.0
2910,1381,Deck_G,0.0
2911,1381,Deck_T,0.0
2912,1381,Side_P,0.0
2913,1381,Side_S,1.0
2914,507,HomePlanet_Earth,1.0
2915,507,HomePlanet_Europa,0.0
2916,507,HomePlanet_Mars,0.0
2917,3333,Cabin_num,760
2918,3333,Deck_A,0.0
2919,3333,Deck_B,0.0
2920,3333,Deck_C,0.0
2921,3333,Deck_D,0.0
2922,3333,Deck_E,0.0
2923,3333,Deck_F,1.0
2924,3333,Deck_G,0.0
2925,3333,Deck_T,0.0
2926,3333,Side_P,0.0
2927,3333,Side_S,1.0
2928,4744,Spa,0.0
2929,6817,Spa,79.0
2930,701,Cabin_num,1462
2931,701,Deck_A,0.0
2932,701,Deck_B,0.0
2933,701,Deck_C,0.0
2934,701,Deck_D,0.0
2935,701,Deck_E,0.0
2936,701,Deck_F,1.0
2937,701,Deck_G,0.0
2938,701,Deck_T,0.0
2939,701,Side_P,1.0
2940,701,Side_S,0.0
2941,6114,FoodCourt,370.0
2942,6114,Cabin_num,707
2943,6114,Deck_A,0.0
2944,6114,Deck_B,0.0
2945,6114,Deck_C,0.0
2946,6114,Deck_D,0.0
2947,6114,Deck_E,0.0
2948,6114,Deck_F,1.0
2949,6114,Deck_G,0.0
2950,6114,Deck_T,0.0
2951,6114,Side_P,1.0
2952,6114,Side_S,0.0
2953,6114,Destination_55 Cancri e,0.0
2954,6114,Destination_PSO J318.5-22,0.0
2955,6114,Destination_TRAPPIST-1e,1.0
2956,2633,HomePlanet_Earth,1.0
2957,2633,HomePlanet_Europa,0.0
2958,2633,HomePlanet_Mars,0.0
2959,5953,VRDeck,0.0
2960,6972,CryoSleep,0.0
2961,8297,HomePlanet_Earth,0.0
2962,8297,HomePlanet_Europa,0.0
2963,8297,HomePlanet_Mars,1.0
2964,1149,Spa,1697.0
2965,2644,HomePlanet_Earth,1.0
2966,2644,HomePlanet_Europa,0.0
2967,2644,HomePlanet_Mars,0.0
2968,2923,VIP,0.0
2969,7220,CryoSleep,0.0
2970,7220,HomePlanet_Earth,1.0
2971,7220,HomePlanet_Europa,0.0
2972,7220,HomePlanet_Mars,0.0
2973,4042,Age,31.0
2974,6362,Spa,763.0
2975,4405,VRDeck,0.0
2976,4405,Destination_55 Cancri e,0.0
2977,4405,Destination_PSO J318.5-22,0.0
2978,4405,Destination_TRAPPIST-1e,1.0
2979,7406,Age,7.0
2980,4131,CryoSleep,1.0
2981,4131,RoomService,0.0
2982,3811,RoomService,994.0
2983,2922,CryoSleep,0.0
2984,6815,Destination_55 Cancri e,0.0
2985,6815,Destination_PSO J318.5-22,0.0
2986,6815,Destination_TRAPPIST-1e,1.0
2987,758,CryoSleep,0.0
2988,1327,Spa,215.0
2989,3510,Spa,1534.0
2990,4475,VIP,0.0
2991,7475,Cabin_num,229
2992,7475,Deck_A,0.0
2993,7475,Deck_B,0.0
2994,7475,Deck_C,0.0
2995,7475,Deck_D,1.0
2996,7475,Deck_E,0.0
2997,7475,Deck_F,0.0
2998,7475,Deck_G,0.0
2999,7475,Deck_T,0.0
3000,7475,Side_P,0.0
3001,7475,Side_S,1.0
3002,2953,ShoppingMall,2190.0
3003,1119,RoomService,0.0
3004,1220,RoomService,0.0
3005,1220,ShoppingMall,0.0
3006,6412,Spa,0.0
3007,7371,FoodCourt,0.0
3008,2444,HomePlanet_Earth,0.0
3009,2444,HomePlanet_Europa,0.0
3010,2444,HomePlanet_Mars,1.0
3011,5101,CryoSleep,0.0
3012,2052,RoomService,744.0
3013,6464,RoomService,93.0
3014,7773,HomePlanet_Earth,1.0
3015,7773,HomePlanet_Europa,0.0
3016,7773,HomePlanet_Mars,0.0
3017,2343,VIP,0.0
3018,134,RoomService,1345.0
3019,8424,FoodCourt,3948.0
3020,6386,VRDeck,0.0
3021,2944,Spa,1738.0
3022,501,Age,31.0
3023,501,ShoppingMall,287.0
3024,1162,Cabin_num,1215
3025,1162,Deck_A,0.0
3026,1162,Deck_B,0.0
3027,1162,Deck_C,0.0
3028,1162,Deck_D,0.0
3029,1162,Deck_E,0.0
3030,1162,Deck_F,1.0
3031,1162,Deck_G,0.0
3032,1162,Deck_T,0.0
3033,1162,Side_P,0.0
3034,1162,Side_S,1.0
3035,4342,Cabin_num,227
3036,4342,Deck_A,0.0
3037,4342,Deck_B,1.0
3038,4342,Deck_C,0.0
3039,4342,Deck_D,0.0
3040,4342,Deck_E,0.0
3041,4342,Deck_F,0.0
3042,4342,Deck_G,0.0
3043,4342,Deck_T,0.0
3044,4342,Side_P,0.0
3045,4342,Side_S,1.0
3046,3534,Age,37.0
3047,5781,VIP,0.0
3048,4684,FoodCourt,1027.0
3049,7448,Spa,564.0
3050,7521,HomePlanet_Earth,1.0
3051,7521,HomePlanet_Europa,0.0
3052,7521,HomePlanet_Mars,0.0
3053,2153,Age,38.0
3054,3385,RoomService,0.0
3055,1118,VIP,0.0
3056,5026,HomePlanet_Earth,0.0
3057,5026,HomePlanet_Europa,1.0
3058,5026,HomePlanet_Mars,0.0
3059,5472,Destination_55 Cancri e,0.0
3060,5472,Destination_PSO J318.5-22,0.0
3061,5472,Destination_TRAPPIST-1e,1.0
3062,680,VIP,0.0
3063,680,FoodCourt,0.0
3064,3018,CryoSleep,0.0
3065,3088,FoodCourt,0.0
3066,4446,VRDeck,222.0
3067,1402,Spa,0.0
3068,7570,VRDeck,0.0
3069,6085,Spa,0.0
3070,7950,CryoSleep,0.0
3071,7950,FoodCourt,1933.0
3072,8495,ShoppingMall,1874.0
3073,2037,Spa,2120.0
3074,5363,ShoppingMall,0.0
3075,8376,Age,37.0
3076,8127,RoomService,1224.0
3077,2982,Age,13.0
3078,6811,Spa,0.0
3079,1571,VRDeck,253.0
3080,8342,ShoppingMall,0.0
3081,8342,Spa,13.0
3082,4092,CryoSleep,0.0
3083,235,RoomService,0.0
3084,7800,HomePlanet_Earth,0.0
3085,7800,HomePlanet_Europa,1.0
3086,7800,HomePlanet_Mars,0.0
3087,2670,Age,16.0
3088,5127,ShoppingMall,0.0
3089,5127,Cabin_num,251
3090,5127,Deck_A,0.0
3091,5127,Deck_B,0.0
3092,5127,Deck_C,0.0
3093,5127,Deck_D,0.0
3094,5127,Deck_E,0.0
3095,5127,Deck_F,0.0
3096,5127,Deck_G,1.0
3097,5127,Deck_T,0.0
3098,5127,Side_P,1.0
3099,5127,Side_S,0.0
3100,6316,RoomService,835.0
3101,5641,VIP,0.0
3102,4520,FoodCourt,1181.0
3103,4766,VRDeck,0.0
3104,2175,HomePlanet_Earth,1.0
3105,2175,HomePlanet_Europa,0.0
3106,2175,HomePlanet_Mars,0.0
3107,1036,RoomService,0.0
3108,2504,HomePlanet_Earth,1.0
3109,2504,HomePlanet_Europa,0.0
3110,2504,HomePlanet_Mars,0.0
3111,648,VIP,0.0
3112,648,RoomService,647.0
3113,4901,ShoppingMall,0.0
3114,6800,ShoppingMall,1725.0
3115,473,HomePlanet_Earth,0.0
3116,473,HomePlanet_Europa,1.0
3117,473,HomePlanet_Mars,0.0
3118,6739,HomePlanet_Earth,1.0
3119,6739,HomePlanet_Europa,0.0
3120,6739,HomePlanet_Mars,0.0
3121,5144,ShoppingMall,0.0
3122,3696,VRDeck,1272.0
3123,1754,VIP,0.0
3124,8173,RoomService,488.0
3125,535,CryoSleep,0.0
3126,7301,Spa,178.0
3127,3735,VIP,0.0
3128,1731,Spa,2604.0
3129,1552,Cabin_num,242
3130,1552,HomePlanet_Earth,1.0
3131,1552,HomePlanet_Europa,0.0
3132,1552,HomePlanet_Mars,0.0
3133,1552,Deck_A,0.0
3134,1552,Deck_B,0.0
3135,1552,Deck_C,0.0
3136,1552,Deck_D,0.0
3137,1552,Deck_E,0.0
3138,1552,Deck_F,1.0
3139,1552,Deck_G,0.0
3140,1552,Deck_T,0.0
3141,1552,Side_P,1.0
3142,1552,Side_S,0.0
3143,7493,CryoSleep,0.0
3144,7493,VRDeck,88.0
3145,2685,FoodCourt,0.0
3146,725,Spa,1605.0
3147,1060,Cabin_num,1069
3148,1060,Deck_A,0.0
3149,1060,Deck_B,0.0
3150,1060,Deck_C,0.0
3151,1060,Deck_D,0.0
3152,1060,Deck_E,0.0
3153,1060,Deck_F,0.0
3154,1060,Deck_G,1.0
3155,1060,Deck_T,0.0
3156,1060,Side_P,1.0
3157,1060,Side_S,0.0
3158,2945,FoodCourt,0.0
3159,6646,HomePlanet_Earth,1.0
3160,6646,HomePlanet_Europa,0.0
3161,6646,HomePlanet_Mars,0.0
3162,7285,Cabin_num,190
3163,7285,Deck_A,0.0
3164,7285,Deck_B,1.0
3165,7285,Deck_C,0.0
3166,7285,Deck_D,0.0
3167,7285,Deck_E,0.0
3168,7285,Deck_F,0.0
3169,7285,Deck_G,0.0
3170,7285,Deck_T,0.0
3171,7285,Side_P,1.0
3172,7285,Side_S,0.0
3173,2713,ShoppingMall,1108.0
3174,5814,CryoSleep,0.0
3175,4770,CryoSleep,0.0
3176,613,VRDeck,3822.0
3177,1054,VIP,0.0
3178,1409,VRDeck,0.0
3179,5565,CryoSleep,0.0
3180,4548,VIP,0.0
3181,1524,ShoppingMall,0.0
3182,4487,Destination_55 Cancri e,0.0
3183,4487,Destination_PSO J318.5-22,0.0
3184,4487,Destination_TRAPPIST-1e,1.0
3185,308,ShoppingMall,340.0
3186,4027,HomePlanet_Earth,1.0
3187,4027,HomePlanet_Europa,0.0
3188,4027,HomePlanet_Mars,0.0
3189,3279,HomePlanet_Earth,1.0
3190,3279,HomePlanet_Europa,0.0
3191,3279,HomePlanet_Mars,0.0
3192,3164,VRDeck,0.0
3193,5461,CryoSleep,0.0
3194,1595,RoomService,714.0
3195,3001,FoodCourt,0.0
3196,3001,VRDeck,3511.0
3197,1428,Destination_55 Cancri e,0.0
3198,1428,Destination_PSO J318.5-22,0.0
3199,1428,Destination_TRAPPIST-1e,1.0
3200,4404,FoodCourt,906.0
3201,4404,ShoppingMall,0.0
3202,6960,Destination_55 Cancri e,0.0
3203,6960,Destination_PSO J318.5-22,0.0
3204,6960,Destination_TRAPPIST-1e,1.0
3205,2381,CryoSleep,1.0
3206,2731,ShoppingMall,1863.0
3207,7437,Age,26.0
3208,8643,ShoppingMall,41.0
3209,6767,Age,36.0
3210,5440,HomePlanet_Earth,0.0
3211,5440,HomePlanet_Europa,0.0
3212,5440,HomePlanet_Mars,1.0
3213,7519,Age,2.0
3214,5181,RoomService,0.0
3215,2028,VIP,0.0
3216,5590,CryoSleep,1.0
3217,3595,FoodCourt,0.0
3218,6980,VIP,0.0
3219,6831,Destination_55 Cancri e,0.0
3220,6831,Destination_PSO J318.5-22,0.0
3221,6831,Destination_TRAPPIST-1e,1.0
3222,2322,Age,24.0
3223,5950,CryoSleep,0.0
3224,1857,HomePlanet_Earth,1.0
3225,1857,HomePlanet_Europa,0.0
3226,1857,HomePlanet_Mars,0.0
3227,6413,ShoppingMall,0.0
3228,2728,Cabin_num,1199
3229,2728,Deck_A,0.0
3230,2728,Deck_B,0.0
3231,2728,Deck_C,0.0
3232,2728,Deck_D,0.0
3233,2728,Deck_E,0.0
3234,2728,Deck_F,1.0
3235,2728,Deck_G,0.0
3236,2728,Deck_T,0.0
3237,2728,Side_P,1.0
3238,2728,Side_S,0.0
3239,2227,Spa,871.0
3240,2139,Spa,2258.0
3241,2136,CryoSleep,0.0
3242,2136,Spa,1029.0
3243,8355,HomePlanet_Earth,0.0
3244,8355,HomePlanet_Europa,0.0
3245,8355,HomePlanet_Mars,1.0
3246,3884,Age,21.0
3247,3884,VIP,0.0
3248,3884,Cabin_num,231
3249,3884,Deck_A,0.0
3250,3884,Deck_B,0.0
3251,3884,Deck_C,0.0
3252,3884,Deck_D,0.0
3253,3884,Deck_E,0.0
3254,3884,Deck_F,1.0
3255,3884,Deck_G,0.0
3256,3884,Deck_T,0.0
3257,3884,Side_P,0.0
3258,3884,Side_S,1.0
3259,8414,RoomService,0.0
3260,764,Age,54.0
3261,6777,Age,40.0
3262,2909,VRDeck,0.0
3263,2229,Cabin_num,604
3264,2229,HomePlanet_Earth,1.0
3265,2229,HomePlanet_Europa,0.0
3266,2229,HomePlanet_Mars,0.0
3267,2229,Deck_A,0.0
3268,2229,Deck_B,0.0
3269,2229,Deck_C,0.0
3270,2229,Deck_D,0.0
3271,2229,Deck_E,0.0
3272,2229,Deck_F,0.0
3273,2229,Deck_G,1.0
3274,2229,Deck_T,0.0
3275,2229,Side_P,0.0
3276,2229,Side_S,1.0
3277,2435,Age,33.0
3278,1692,VIP,0.0
3279,7667,FoodCourt,0.0
3280,5055,VIP,0.0
3281,2767,CryoSleep,0.0
3282,2567,Age,24.0
3283,1397,Age,11.0
3284,1397,FoodCourt,2039.0
3285,859,Age,32.0
3286,1546,ShoppingMall,0.0
3287,3622,FoodCourt,0.0
3288,25,ShoppingMall,0.0
3289,7001,ShoppingMall,2773.0
3290,2583,ShoppingMall,0.0
3291,1432,Spa,0.0
3292,7213,ShoppingMall,0.0
3293,7213,HomePlanet_Earth,1.0
3294,7213,HomePlanet_Europa,0.0
3295,7213,HomePlanet_Mars,0.0
3296,715,Cabin_num,126
3297,715,Deck_A,0.0
3298,715,Deck_B,1.0
3299,715,Deck_C,0.0
3300,715,Deck_D,0.0
3301,715,Deck_E,0.0
3302,715,Deck_F,0.0
3303,715,Deck_G,0.0
3304,715,Deck_T,0.0
3305,715,Side_P,1.0
3306,715,Side_S,0.0
3307,4955,VRDeck,1732.0
3308,3283,HomePlanet_Earth,1.0
3309,3283,HomePlanet_Europa,0.0
3310,3283,HomePlanet_Mars,0.0
3311,1753,VRDeck,468.0
3312,3852,CryoSleep,0.0
3313,3852,VRDeck,0.0
3314,5393,Cabin_num,1302
3315,5393,Deck_A,0.0
3316,5393,Deck_B,0.0
3317,5393,Deck_C,0.0
3318,5393,Deck_D,0.0
3319,5393,Deck_E,0.0
3320,5393,Deck_F,0.0
3321,5393,Deck_G,1.0
3322,5393,Deck_T,0.0
3323,5393,Side_P,1.0
3324,5393,Side_S,0.0
3325,290,VRDeck,0.0
3326,8658,Cabin_num,1632
3327,8658,Deck_A,0.0
3328,8658,Deck_B,0.0
3329,8658,Deck_C,0.0
3330,8658,Deck_D,0.0
3331,8658,Deck_E,0.0
3332,8658,Deck_F,1.0
3333,8658,Deck_G,0.0
3334,8658,Deck_T,0.0
3335,8658,Side_P,1.0
3336,8658,Side_S,0.0
3337,7763,HomePlanet_Earth,1.0
3338,7763,HomePlanet_Europa,0.0
3339,7763,HomePlanet_Mars,0.0
3340,2934,RoomService,1538.0
3341,716,VRDeck,0.0
3342,7556,ShoppingMall,0.0
3343,4838,FoodCourt,0.0
3344,4838,ShoppingMall,421.0
3345,4410,RoomService,1690.0
3346,2643,Destination_55 Cancri e,1.0
3347,2643,Destination_PSO J318.5-22,0.0
3348,2643,Destination_TRAPPIST-1e,0.0
3349,1495,RoomService,0.0
3350,6082,RoomService,1574.0
3351,2744,RoomService,2179.0
3352,3214,Spa,0.0
3353,6804,CryoSleep,0.0
3354,986,VRDeck,1552.0
3355,1602,HomePlanet_Earth,0.0
3356,1602,HomePlanet_Europa,1.0
3357,1602,HomePlanet_Mars,0.0
3358,4666,VRDeck,0.0
3359,4666,Cabin_num,69
3360,4666,Deck_A,0.0
3361,4666,Deck_B,0.0
3362,4666,Deck_C,1.0
3363,4666,Deck_D,0.0
3364,4666,Deck_E,0.0
3365,4666,Deck_F,0.0
3366,4666,Deck_G,0.0
3367,4666,Deck_T,0.0
3368,4666,Side_P,0.0
3369,4666,Side_S,1.0
3370,2835,CryoSleep,0.0
3371,1536,RoomService,358.0
3372,857,VRDeck,0.0
3373,1395,RoomService,1266.0
3374,1395,Destination_55 Cancri e,0.0
3375,1395,Destination_PSO J318.5-22,0.0
3376,1395,Destination_TRAPPIST-1e,1.0
3377,5800,Age,29.0
3378,795,Cabin_num,457
3379,795,Deck_A,0.0
3380,795,Deck_B,1.0
3381,795,Deck_C,0.0
3382,795,Deck_D,0.0
3383,795,Deck_E,0.0
3384,795,Deck_F,0.0
3385,795,Deck_G,0.0
3386,795,Deck_T,0.0
3387,795,Side_P,1.0
3388,795,Side_S,0.0
3389,3488,Age,5.0
3390,1601,VIP,0.0
3391,907,RoomService,1787.0
3392,659,ShoppingMall,0.0
3393,282,RoomService,1152.0
3394,282,Cabin_num,96
3395,282,Deck_A,0.0
3396,282,Deck_B,1.0
3397,282,Deck_C,0.0
3398,282,Deck_D,0.0
3399,282,Deck_E,0.0
3400,282,Deck_F,0.0
3401,282,Deck_G,0.0
3402,282,Deck_T,0.0
3403,282,Side_P,1.0
3404,282,Side_S,0.0
3405,5652,ShoppingMall,2220.0
3406,5652,Destination_55 Cancri e,0.0
3407,5652,Destination_PSO J318.5-22,0.0
3408,5652,Destination_TRAPPIST-1e,1.0
3409,1586,VRDeck,285.0
3410,3224,Age,19.0
3411,3057,CryoSleep,0.0
3412,7653,Age,21.0
3413,95,Cabin_num,504
3414,95,Deck_A,0.0
3415,95,Deck_B,0.0
3416,95,Deck_C,0.0
3417,95,Deck_D,0.0
3418,95,Deck_E,1.0
3419,95,Deck_F,0.0
3420,95,Deck_G,0.0
3421,95,Deck_T,0.0
3422,95,Side_P,1.0
3423,95,Side_S,0.0
3424,5955,HomePlanet_Earth,0.0
3425,5955,HomePlanet_Europa,0.0
3426,5955,HomePlanet_Mars,1.0
3427,8653,CryoSleep,0.0
3428,1240,Destination_55 Cancri e,0.0
3429,1240,Destination_PSO J318.5-22,0.0
3430,1240,Destination_TRAPPIST-1e,1.0
3431,2073,Cabin_num,805
3432,2073,Deck_A,0.0
3433,2073,Deck_B,0.0
3434,2073,Deck_C,0.0
3435,2073,Deck_D,0.0
3436,2073,Deck_E,0.0
3437,2073,Deck_F,0.0
3438,2073,Deck_G,1.0
3439,2073,Deck_T,0.0
3440,2073,Side_P,0.0
3441,2073,Side_S,1.0
3442,1416,ShoppingMall,0.0
3443,5653,VIP,0.0
3444,1297,Spa,1725.0
3445,4389,VIP,0.0
3446,3250,CryoSleep,0.0
3447,274,Cabin_num,762
3448,274,Deck_A,0.0
3449,274,Deck_B,0.0
3450,274,Deck_C,0.0
3451,274,Deck_D,0.0
3452,274,Deck_E,0.0
3453,274,Deck_F,1.0
3454,274,Deck_G,0.0
3455,274,Deck_T,0.0
3456,274,Side_P,1.0
3457,274,Side_S,0.0
3458,7761,VRDeck,183.0
3459,2294,Spa,3061.0
3460,7545,Cabin_num,1513
3461,7545,Deck_A,0.0
3462,7545,Deck_B,0.0
3463,7545,Deck_C,0.0
3464,7545,Deck_D,0.0
3465,7545,Deck_E,0.0
3466,7545,Deck_F,1.0
3467,7545,Deck_G,0.0
3468,7545,Deck_T,0.0
3469,7545,Side_P,1.0
3470,7545,Side_S,0.0
3471,5542,Destination_55 Cancri e,0.0
3472,5542,Destination_PSO J318.5-22,0.0
3473,5542,Destination_TRAPPIST-1e,1.0
3474,5969,CryoSleep,1.0
3475,8081,VIP,0.0
3476,8410,VRDeck,353.0
3477,8276,Age,37.0
3478,8669,ShoppingMall,2551.0
3479,1245,ShoppingMall,0.0
3480,4241,RoomService,1245.0
3481,2283,HomePlanet_Earth,1.0
3482,2283,HomePlanet_Europa,0.0
3483,2283,HomePlanet_Mars,0.0
3484,2983,CryoSleep,0.0
3485,4826,VIP,0.0
3486,6690,CryoSleep,0.0
3487,6690,VRDeck,0.0
3488,4288,Age,30.0
3489,2101,Spa,0.0
3490,2101,Destination_55 Cancri e,0.0
3491,2101,Destination_PSO J318.5-22,0.0
3492,2101,Destination_TRAPPIST-1e,1.0
3493,226,CryoSleep,0.0
3494,5501,RoomService,16.0
3495,1936,RoomService,1522.0
3496,6756,ShoppingMall,2028.0
3497,6016,FoodCourt,1821.0
3498,1031,Cabin_num,176
3499,1031,Deck_A,0.0
3500,1031,Deck_B,1.0
3501,1031,Deck_C,0.0
3502,1031,Deck_D,0.0
3503,1031,Deck_E,0.0
3504,1031,Deck_F,0.0
3505,1031,Deck_G,0.0
3506,1031,Deck_T,0.0
3507,1031,Side_P,1.0
3508,1031,Side_S,0.0
3509,5411,CryoSleep,0.0
3510,5411,VIP,0.0
3511,5411,ShoppingMall,763.0
3512,4175,VIP,0.0
3513,1086,VIP,0.0
3514,1086,RoomService,0.0
3515,7262,VIP,0.0
3516,5842,FoodCourt,0.0
3517,552,RoomService,491.0
3518,3492,ShoppingMall,35.0
3519,7566,Spa,514.0
3520,7559,VRDeck,0.0
3521,8146,VIP,0.0
3522,2664,FoodCourt,0.0
3523,1194,VIP,0.0
3524,7710,Cabin_num,125
3525,7710,Deck_A,0.0
3526,7710,Deck_B,0.0
3527,7710,Deck_C,0.0
3528,7710,Deck_D,0.0
3529,7710,Deck_E,1.0
3530,7710,Deck_F,0.0
3531,7710,Deck_G,0.0
3532,7710,Deck_T,0.0
3533,7710,Side_P,1.0
3534,7710,Side_S,0.0
3535,6266,CryoSleep,0.0
3536,5041,Spa,951.0
3537,8568,Spa,0.0
3538,5595,VIP,0.0
3539,7688,VRDeck,272.0
3540,3094,VIP,0.0
3541,2662,Destination_55 Cancri e,0.0
3542,2662,Destination_PSO J318.5-22,0.0
3543,2662,Destination_TRAPPIST-1e,1.0
3544,470,Destination_55 Cancri e,0.0
3545,470,Destination_PSO J318.5-22,0.0
3546,470,Destination_TRAPPIST-1e,1.0
3547,6198,VIP,0.0
3548,4454,FoodCourt,2466.0
3549,2233,CryoSleep,0.0
3550,2233,ShoppingMall,272.0
3551,3303,FoodCourt,1595.0
3552,4255,Age,24.0
3553,4255,VIP,0.0
3554,5956,FoodCourt,2349.0
3555,7064,ShoppingMall,0.0
3556,3855,FoodCourt,1045.0
3557,3707,Age,50.0
3558,6481,VRDeck,357.0
3559,2131,CryoSleep,0.0
3560,1839,RoomService,70.0
3561,4354,Destination_55 Cancri e,0.0
3562,4354,Destination_PSO J318.5-22,0.0
3563,4354,Destination_TRAPPIST-1e,1.0
3564,2711,RoomService,1055.0
3565,2711,Spa,862.0
3566,455,CryoSleep,0.0
3567,6524,Destination_55 Cancri e,0.0
3568,6524,Destination_PSO J318.5-22,0.0
3569,6524,Destination_TRAPPIST-1e,1.0
3570,1869,RoomService,935.0
3571,771,Age,33.0
3572,588,ShoppingMall,0.0
3573,7594,VIP,1.0
3574,8005,ShoppingMall,0.0
3575,4171,VRDeck,0.0
3576,5910,FoodCourt,0.0
3577,5910,Cabin_num,369
3578,5910,Deck_A,0.0
3579,5910,Deck_B,0.0
3580,5910,Deck_C,0.0
3581,5910,Deck_D,0.0
3582,5910,Deck_E,0.0
3583,5910,Deck_F,1.0
3584,5910,Deck_G,0.0
3585,5910,Deck_T,0.0
3586,5910,Side_P,0.0
3587,5910,Side_S,1.0
3588,486,VRDeck,714.0
3589,5351,Age,25.0
3590,3443,Age,11.0
3591,8283,RoomService,0.0
3592,5766,FoodCourt,1101.0
3593,979,FoodCourt,0.0
3594,930,Cabin_num,208
3595,930,Deck_A,0.0
3596,930,Deck_B,0.0
3597,930,Deck_C,1.0
3598,930,Deck_D,0.0
3599,930,Deck_E,0.0
3600,930,Deck_F,0.0
3601,930,Deck_G,0.0
3602,930,Deck_T,0.0
3603,930,Side_P,0.0
3604,930,Side_S,1.0
3605,4537,HomePlanet_Earth,1.0
3606,4537,HomePlanet_Europa,0.0
3607,4537,HomePlanet_Mars,0.0
3608,4392,Cabin_num,45
3609,4392,Deck_A,0.0
3610,4392,Deck_B,1.0
3611,4392,Deck_C,0.0
3612,4392,Deck_D,0.0
3613,4392,Deck_E,0.0
3614,4392,Deck_F,0.0
3615,4392,Deck_G,0.0
3616,4392,Deck_T,0.0
3617,4392,Side_P,1.0
3618,4392,Side_S,0.0
3619,8087,Destination_55 Cancri e,0.0
3620,8087,Destination_PSO J318.5-22,0.0
3621,8087,Destination_TRAPPIST-1e,1.0
3622,3850,Age,22.0
3623,3453,CryoSleep,0.0
3624,7180,Destination_55 Cancri e,0.0
3625,7180,Destination_PSO J318.5-22,1.0
3626,7180,Destination_TRAPPIST-1e,0.0
3627,3121,HomePlanet_Earth,0.0
3628,3121,HomePlanet_Europa,1.0
3629,3121,HomePlanet_Mars,0.0
3630,1841,RoomService,0.0
3631,1686,Spa,0.0
3632,1589,Cabin_num,575
3633,1589,Deck_A,0.0
3634,1589,Deck_B,0.0
3635,1589,Deck_C,0.0
3636,1589,Deck_D,0.0
3637,1589,Deck_E,0.0
3638,1589,Deck_F,0.0
3639,1589,Deck_G,1.0
3640,1589,Deck_T,0.0
3641,1589,Side_P,0.0
3642,1589,Side_S,1.0
3643,6467,RoomService,688.0
3644,1542,FoodCourt,0.0
3645,8034,VIP,0.0
3646,5712,Cabin_num,1488
3647,5712,Deck_A,0.0
3648,5712,Deck_B,0.0
3649,5712,Deck_C,0.0
3650,5712,Deck_D,0.0
3651,5712,Deck_E,0.0
3652,5712,Deck_F,1.0
3653,5712,Deck_G,0.0
3654,5712,Deck_T,0.0
3655,5712,Side_P,0.0
3656,5712,Side_S,1.0
3657,5712,Destination_55 Cancri e,0.0
3658,5712,Destination_PSO J318.5-22,0.0
3659,5712,Destination_TRAPPIST-1e,1.0
3660,5579,Age,20.0
3661,3786,Spa,0.0
3662,7775,FoodCourt,3520.0
3663,7775,Destination_55 Cancri e,0.0
3664,7775,Destination_PSO J318.5-22,0.0
3665,7775,Destination_TRAPPIST-1e,1.0
3666,6678,FoodCourt,603.0
3667,6059,CryoSleep,0.0
3668,6059,Cabin_num,385
3669,6059,Deck_A,0.0
3670,6059,Deck_B,0.0
3671,6059,Deck_C,0.0
3672,6059,Deck_D,0.0
3673,6059,Deck_E,0.0
3674,6059,Deck_F,0.0
3675,6059,Deck_G,1.0
3676,6059,Deck_T,0.0
3677,6059,Side_P,0.0
3678,6059,Side_S,1.0
3679,6059,Destination_55 Cancri e,0.0
3680,6059,Destination_PSO J318.5-22,0.0
3681,6059,Destination_TRAPPIST-1e,1.0
3682,2530,VIP,0.0
3683,7577,ShoppingMall,0.0
3684,4383,Destination_55 Cancri e,0.0
3685,4383,Destination_PSO J318.5-22,0.0
3686,4383,Destination_TRAPPIST-1e,1.0
3687,5768,FoodCourt,0.0
3688,6341,VRDeck,552.0
3689,7365,HomePlanet_Earth,1.0
3690,7365,HomePlanet_Europa,0.0
3691,7365,HomePlanet_Mars,0.0
3692,3948,Spa,2067.0
3693,3948,HomePlanet_Earth,1.0
3694,3948,HomePlanet_Europa,0.0
3695,3948,HomePlanet_Mars,0.0
3696,1504,Age,12.0
3697,419,CryoSleep,0.0
3698,2749,Spa,720.0
3699,7160,Spa,0.0
3700,3956,Spa,292.0
3701,586,VRDeck,0.0
3702,4304,ShoppingMall,1339.0
3703,5864,RoomService,0.0
3704,1481,ShoppingMall,0.0
3705,7004,RoomService,133.0
3706,5622,Age,39.0
3707,4376,HomePlanet_Earth,0.0
3708,4376,HomePlanet_Europa,1.0
3709,4376,HomePlanet_Mars,0.0
3710,1151,FoodCourt,2696.0
3711,744,Destination_55 Cancri e,0.0
3712,744,Destination_PSO J318.5-22,0.0
3713,744,Destination_TRAPPIST-1e,1.0
3714,5165,RoomService,683.0
3715,4418,Cabin_num,254
3716,4418,Deck_A,0.0
3717,4418,Deck_B,0.0
3718,4418,Deck_C,0.0
3719,4418,Deck_D,0.0
3720,4418,Deck_E,1.0
3721,4418,Deck_F,0.0
3722,4418,Deck_G,0.0
3723,4418,Deck_T,0.0
3724,4418,Side_P,1.0
3725,4418,Side_S,0.0
3726,5790,ShoppingMall,53.0
3727,4097,CryoSleep,1.0
3728,3003,FoodCourt,1871.0
3729,3601,Destination_55 Cancri e,0.0
3730,3601,Destination_PSO J318.5-22,0.0
3731,3601,Destination_TRAPPIST-1e,1.0
3732,5284,Destination_55 Cancri e,1.0
3733,5284,Destination_PSO J318.5-22,0.0
3734,5284,Destination_TRAPPIST-1e,0.0
3735,370,RoomService,13.0
3736,5855,ShoppingMall,0.0
3737,139,Age,20.0
3738,4631,CryoSleep,1.0
3739,4041,CryoSleep,1.0
3740,3460,Cabin_num,972
3741,3460,Deck_A,0.0
3742,3460,Deck_B,0.0
3743,3460,Deck_C,0.0
3744,3460,Deck_D,0.0
3745,3460,Deck_E,0.0
3746,3460,Deck_F,1.0
3747,3460,Deck_G,0.0
3748,3460,Deck_T,0.0
3749,3460,Side_P,1.0
3750,3460,Side_S,0.0
3751,3594,VRDeck,1426.0
3752,8252,VRDeck,0.0
3753,3953,HomePlanet_Earth,0.0
3754,3953,HomePlanet_Europa,1.0
3755,3953,HomePlanet_Mars,0.0
3756,2479,VIP,0.0
3757,8448,ShoppingMall,1516.0
3758,4083,Spa,0.0
3759,2880,RoomService,958.0
3760,7401,Spa,0.0
3761,2128,ShoppingMall,0.0
3762,3310,Cabin_num,118
3763,3310,Deck_A,0.0
3764,3310,Deck_B,0.0
3765,3310,Deck_C,0.0
3766,3310,Deck_D,0.0
3767,3310,Deck_E,1.0
3768,3310,Deck_F,0.0
3769,3310,Deck_G,0.0
3770,3310,Deck_T,0.0
3771,3310,Side_P,1.0
3772,3310,Side_S,0.0
3773,1292,CryoSleep,0.0
3774,2950,Cabin_num,346
3775,2950,Deck_A,0.0
3776,2950,Deck_B,0.0
3777,2950,Deck_C,0.0
3778,2950,Deck_D,0.0
3779,2950,Deck_E,0.0
3780,2950,Deck_F,1.0
3781,2950,Deck_G,0.0
3782,2950,Deck_T,0.0
3783,2950,Side_P,0.0
3784,2950,Side_S,1.0
3785,3058,Destination_55 Cancri e,0.0
3786,3058,Destination_PSO J318.5-22,0.0
3787,3058,Destination_TRAPPIST-1e,1.0
3788,367,HomePlanet_Earth,0.0
3789,367,HomePlanet_Europa,1.0
3790,367,HomePlanet_Mars,0.0
3791,3771,HomePlanet_Earth,1.0
3792,3771,HomePlanet_Europa,0.0
3793,3771,HomePlanet_Mars,0.0
3794,4275,Spa,0.0
3795,4275,VRDeck,0.0
3796,6282,RoomService,574.0
3797,4099,HomePlanet_Earth,0.0
3798,4099,HomePlanet_Europa,1.0
3799,4099,HomePlanet_Mars,0.0
3800,2278,Destination_55 Cancri e,0.0
3801,2278,Destination_PSO J318.5-22,0.0
3802,2278,Destination_TRAPPIST-1e,1.0
3803,4497,Cabin_num,151
3804,4497,Deck_A,0.0
3805,4497,Deck_B,1.0
3806,4497,Deck_C,0.0
3807,4497,Deck_D,0.0
3808,4497,Deck_E,0.0
3809,4497,Deck_F,0.0
3810,4497,Deck_G,0.0
3811,4497,Deck_T,0.0
3812,4497,Side_P,1.0
3813,4497,Side_S,0.0
3814,7189,FoodCourt,0.0
3815,4856,Spa,0.0
3816,3857,Cabin_num,74
3817,3857,Deck_A,0.0
3818,3857,Deck_B,0.0
3819,3857,Deck_C,0.0
3820,3857,Deck_D,1.0
3821,3857,Deck_E,0.0
3822,3857,Deck_F,0.0
3823,3857,Deck_G,0.0
3824,3857,Deck_T,0.0
3825,3857,Side_P,0.0
3826,3857,Side_S,1.0
3827,3175,CryoSleep,1.0
3828,5407,VRDeck,0.0
3829,8676,HomePlanet_Earth,1.0
3830,8676,HomePlanet_Europa,0.0
3831,8676,HomePlanet_Mars,0.0
3832,3194,HomePlanet_Earth,0.0
3833,3194,HomePlanet_Europa,1.0
3834,3194,HomePlanet_Mars,0.0
3835,66,Age,34.0
3836,2228,CryoSleep,1.0
3837,6816,Spa,2623.0
3838,1764,FoodCourt,0.0
3839,1948,Age,22.0
3840,896,VRDeck,2254.0
3841,8299,VIP,0.0
3842,5471,Cabin_num,1262
3843,5471,Deck_A,0.0
3844,5471,Deck_B,0.0
3845,5471,Deck_C,0.0
3846,5471,Deck_D,0.0
3847,5471,Deck_E,0.0
3848,5471,Deck_F,0.0
3849,5471,Deck_G,1.0
3850,5471,Deck_T,0.0
3851,5471,Side_P,1.0
3852,5471,Side_S,0.0
3853,918,Age,8.0
3854,5114,HomePlanet_Earth,1.0
3855,5114,HomePlanet_Europa,0.0
3856,5114,HomePlanet_Mars,0.0
3857,6644,RoomService,599.0
3858,4292,ShoppingMall,604.0
3859,8666,CryoSleep,0.0
3860,183,Age,46.0
3861,183,ShoppingMall,626.0
3862,4126,CryoSleep,1.0
3863,5344,RoomService,457.0
3864,2971,HomePlanet_Earth,1.0
3865,2971,HomePlanet_Europa,0.0
3866,2971,HomePlanet_Mars,0.0
3867,837,VIP,0.0
3868,4877,CryoSleep,0.0
3869,4540,VIP,0.0
3870,7827,FoodCourt,0.0
3871,7183,RoomService,0.0
3872,2271,Spa,588.0
3873,967,RoomService,508.0
3874,5294,FoodCourt,2513.0
3875,639,RoomService,146.0
3876,639,HomePlanet_Earth,1.0
3877,639,HomePlanet_Europa,0.0
3878,639,HomePlanet_Mars,0.0
3879,7840,Spa,2131.0
3880,4944,ShoppingMall,0.0
3881,4452,RoomService,0.0
3882,4452,Destination_55 Cancri e,1.0
3883,4452,Destination_PSO J318.5-22,0.0
3884,4452,Destination_TRAPPIST-1e,0.0
3885,1674,Spa,0.0
3886,3499,RoomService,1270.0
3887,4680,VRDeck,0.0
3888,1302,Destination_55 Cancri e,0.0
3889,1302,Destination_PSO J318.5-22,0.0
3890,1302,Destination_TRAPPIST-1e,1.0
3891,5125,FoodCourt,3501.0
3892,5125,VRDeck,848.0
3893,3102,ShoppingMall,1278.0
3894,5475,VRDeck,406.0
3895,4961,Destination_55 Cancri e,0.0
3896,4961,Destination_PSO J318.5-22,0.0
3897,4961,Destination_TRAPPIST-1e,1.0
3898,2564,VIP,0.0
3899,3647,ShoppingMall,0.0
3900,3610,Age,20.0
3901,1003,Age,10.0
3902,1003,VIP,0.0
3903,5775,CryoSleep,0.0
3904,4476,ShoppingMall,0.0
3905,1075,Age,37.0
3906,7803,Spa,927.0
3907,7971,CryoSleep,0.0
3908,4363,RoomService,923.0
3909,991,VRDeck,0.0
3910,432,Destination_55 Cancri e,0.0
3911,432,Destination_PSO J318.5-22,0.0
3912,432,Destination_TRAPPIST-1e,1.0
3913,1308,Destination_55 Cancri e,0.0
3914,1308,Destination_PSO J318.5-22,0.0
3915,1308,Destination_TRAPPIST-1e,1.0
3916,8232,RoomService,0.0
3917,3787,VRDeck,307.0
3918,2120,Cabin_num,1266
3919,2120,Deck_A,0.0
3920,2120,Deck_B,0.0
3921,2120,Deck_C,0.0
3922,2120,Deck_D,0.0
3923,2120,Deck_E,0.0
3924,2120,Deck_F,0.0
3925,2120,Deck_G,1.0
3926,2120,Deck_T,0.0
3927,2120,Side_P,0.0
3928,2120,Side_S,1.0
3929,6320,CryoSleep,0.0
3930,227,HomePlanet_Earth,0.0
3931,227,HomePlanet_Europa,0.0
3932,227,HomePlanet_Mars,1.0
3933,3011,Destination_55 Cancri e,0.0
3934,3011,Destination_PSO J318.5-22,0.0
3935,3011,Destination_TRAPPIST-1e,1.0
3936,5867,ShoppingMall,782.0
3937,7247,VRDeck,0.0
3938,3562,HomePlanet_Earth,1.0
3939,3562,HomePlanet_Europa,0.0
3940,3562,HomePlanet_Mars,0.0
3941,2248,HomePlanet_Earth,0.0
3942,2248,HomePlanet_Europa,1.0
3943,2248,HomePlanet_Mars,0.0
